"Name","Status"
"TopBrew","Gleich"
"PeakAle","Gleich"
"FreshPint","Gleich"
"TrueHops","Gleich"
"ArtisanBrew","Gleich"
"LagerWorks","Gleich"
"BrewedPerfection","Gleich"
"AleHouse","Gleich"
"GoldenPint","Gleich"
"UrbanBrew","Gleich"
"ClassicBrews","Gleich"
"PeanutGold","Gleich"
"NuttyDelight","Gleich"
"SipRefresh","Gleich"
"DrinkMaster","Gleich"
"FlavorBurst","Gleich"
"CreamyChoice","Gleich"
"SignatureBrew","Gleich"
"BrewChoice","Gleich"
"ClearLager","Gleich"
"PureNut","Gleich"
"NutriSpread","Gleich"
"FineLager","Gleich"
"VinoClassico","Gleich"
"CrispyDelight","Gleich"
"FineWines","Gleich"
"NobleVine","Gleich"
"PureGrapes","Gleich"
"HeavenlyBites","Gleich"
"UltimateCookies","Gleich"
"CookieKings","Gleich"
"ChocoDreams","Gleich"
"ClassicTreats","Gleich"
"SugarRush","Gleich"
"PureAle","Gleich"
"BrewMasters","Gleich"
"GoldenHops","Gleich"
"HopHaven","Gleich"
"CraftBrew","Gleich"
"EliteWines","Gleich"
"HeritageWines","Gleich"
"ElegantPour","Gleich"
"VintageCellar","Gleich"
"PrimeVintage","Gleich"
"LuxeVino","Gleich"
"PureTaste","Gleich"
"SnackMaster","Gleich"
"PretzelJoy","Gleich"
"CrispyPretz","Gleich"
"Renuzit","Gleich"
"PretzelDelight","Gleich"
"CrunchyTwist","Gleich"
"GlowLite","Gleich"
"TasteMaster","Gleich"
"CandleCraft","Gleich"
"SerenityCandles","Gleich"
"PureFlame","Gleich"
"Boars Head","Gleich"
"Starbucks","Gleich"
"Oscar Mayer","Gleich"
"Pringles","Gleich"
"Applegate","Gleich"
"Peets Coffee","Gleich"
"Glade","Gleich"
"Febreze","Gleich"
"Air Wick","Gleich"
"Dunkin","Gleich"
"Lysol","Gleich"
"PureSauce","Gleich"
"VelvetChoc","Gleich"
"GourmetCocoa","Gleich"
"ChocolateLuxe","Gleich"
"RichBlend","Gleich"
"DivineCocoa","Gleich"
"PureIndulgence","Gleich"
"ChocoDelight","Gleich"
"CoolSips","Gleich"
"SweetTreat","Gleich"
"ChocoCraft","Gleich"
"CocoaMagic","Gleich"
"ChefsChoice","Gleich"
"KitchenGold","Gleich"
"GoldenDrop","Gleich"
"SaucyDelight","Gleich"
"NatureBlend","Gleich"
"PureOil","Gleich"
"SugarCraft","Gleich"
"SweetPure","Gleich"
"PureSweet","Gleich"
"WhiteGold","Gleich"
"GoldenGrain","Gleich"
"DelightfulBites","Gleich"
"FarmFresh","Gleich"
"VolumeBoost","Gleich"
"ChickenDelight","Gleich"
"TenderCuts","Gleich"
"PureFowl","Gleich"
"RestoreLuxe","Gleich"
"ReviveCare","Gleich"
"PureMoisture","Gleich"
"SoftStrands","Gleich"
"ShinePro","Gleich"
"GentleTouch","Gleich"
"PureGarden","Gleich"
"VeggieCans","Gleich"
"PureVeg","Gleich"
"EcoVeggies","Gleich"
"GreenHarvest","Gleich"
"GoldenCrunch","Gleich"
"CrispyFries","Gleich"
"FryMaster","Gleich"
"SnackFries","Gleich"
"PerfectPotato","Gleich"
"HairGloss","Gleich"
"PepperoniPerfect","Gleich"
"MargheritaChoice","Gleich"
"FourCheese","Gleich"
"PureShine","Gleich"
"SpicyItalian","Gleich"
"MeatFeast","Gleich"
"PureItalian","Gleich"
"GourmetPizza","Gleich"
"OvenFresh","Gleich"
"VeggieLove","Gleich"
"CheeseSupreme","Gleich"
"NatureCare","Gleich"
"BrightStrands","Gleich"
"SilkShine","Gleich"
"SmoothLocks","Gleich"
"SilkCondition","Gleich"
"GlossyHair","Gleich"
"CleanTress","Gleich"
"HairRevive","Gleich"
"SmoothLuxe","Gleich"
"HerbalEssence","Gleich"
"FreshLocks","Gleich"
"HarvestChoice","Gleich"
"KitchenEssentials","Gleich"
"PartyPack","Gleich"
"EcoPlates","Gleich"
"PaperWare","Gleich"
"GreenServe","Gleich"
"UtensilMaster","Gleich"
"RiceDelight","Gleich"
"PureRice","Gleich"
"FreshHarvest","Gleich"
"QuickPrep","Gleich"
"RiceMaster","Gleich"
"CookieCraft","Gleich"
"SweetBites","Gleich"
"PureDelight","Gleich"
"GourmetTreats","Gleich"
"CookieJoy","Gleich"
"PopDelight","Gleich"
"PopcornKing","Gleich"
"EcoChoice","Gleich"
"SnackBurst","Gleich"
"FreshPop","Gleich"
"CrunchPop","Gleich"
"GrainKing","Gleich"
"IcyGreen","Gleich"
"VeggieChill","Gleich"
"FreezerFresh","Gleich"
"CrispVeg","Gleich"
"NatureFreeze","Gleich"
"PureFrozen","Gleich"
"CountryVeg","Gleich"
"CannedDelight","Gleich"
"FrostyVeg","Gleich"
"CoolHarvest","Gleich"
"FreshFreeze","Gleich"
"EasyServe","Gleich"
"CanSoup","Gleich"
"PureBroth","Gleich"
"PantrySoup","Gleich"
"FreshCan","Gleich"
"GourmetSoup","Gleich"
"SoupDelight","Gleich"
"ArcticHarvest","Gleich"
"QuickBite","Gleich"
"FreshBowl","Gleich"
"SavorySoup","Gleich"
"Kettle Brand","Gleich"
"St. Dalfour","Gleich"
"Wildly Delicious","Gleich"
"Dove","Gleich"
"Neutrogena","Gleich"
"Olay","Gleich"
"Crofters","Gleich"
"Sara Lee","Gleich"
"Pepperidge Farm","Gleich"
"Windex","Gleich"
"Method","Gleich"
"Mr. Clean","Gleich"
"Life Savers","Gleich"
"Werthers Original","Gleich"
"Starburst","Gleich"
"Irish Spring","Gleich"
"Aveeno","Gleich"
"Jolly Rancher","Gleich"
"Bisquick","Gleich"
"Aunt Jemima","Gleich"
"Krusteaz","Gleich"
"Betty Crocker","Gleich"
"Kodiak Cakes","Gleich"
"Daves Killer Bread","Gleich"
"PerformancePlus","Gleich"
"RoadStar","Gleich"
"TechInsight","Gleich"
"DigitalWorld","Gleich"
"ByteWeekly","Gleich"
"GearShift","Gleich"
"DriveLife","Gleich"
"MotorWorld","Gleich"
"SpeedMonthly","Gleich"
"TurboTimes","Gleich"
"AutoGuide","Gleich"
"StyleElite","Gleich"
"HardwareFocus","Gleich"
"TrendSet","Gleich"
"Arnold","Gleich"
"Wonder Bread","Gleich"
"CyberNet","Gleich"
"GadgetGuide","Gleich"
"ComputeToday","Gleich"
"CodeMag","Gleich"
"PCReview","Gleich"
"FutureTech","Gleich"
"Eggo","Gleich"
"T-fal","Gleich"
"All-Clad","Gleich"
"Lodge","Gleich"
"Bosch","Gleich"
"DeWalt","Gleich"
"Cuisinart","Gleich"
"Lenders Bagels","Gleich"
"Thomas Bagels","Gleich"
"Sara Lee Bagels","Gleich"
"Le Creuset","Gleich"
"New York Bagel","Gleich"
"Godiva","Gleich"
"Ghirardelli","Gleich"
"Cadbury","Gleich"
"BubbleWonder","Gleich"
"EcoClean","Gleich"
"Lindt","Gleich"
"Stanley","Gleich"
"Milwaukee","Gleich"
"Makita","Gleich"
"Hersheys","Gleich"
"SpongeMax","Gleich"
"Einstein Bros. Bagels","Gleich"
"Ocean Beauty","Gleich"
"Wild Planet","Gleich"
"Tropicana","Gleich"
"Ocean Spray","Gleich"
"Minute Maid","Gleich"
"Chicken of the Sea","Gleich"
"Silver Hills","Gleich"
"Vans","Gleich"
"Natures Path","Gleich"
"Bumble Bee","Gleich"
"StarKist","Gleich"
"Sensodyne","Gleich"
"Colgate","Gleich"
"Oral-B","Gleich"
"Toms of Maine","Gleich"
"Crest","Gleich"
"Kelloggs","Gleich"
"Simply Orange","Gleich"
"General Mills","Gleich"
"Post Consumer Brands","Gleich"
"Quaker","Gleich"
"CarTrend","Gleich"
"Slim Jim","Gleich"
"Jack Links","Gleich"
"Oberto","Gleich"
"Libbys","Gleich"
"Del Monte","Gleich"
"Philips Seafood","Gleich"
"Fisher","Gleich"
"Planters","Gleich"
"Wonderful","Gleich"
"Gortons","Gleich"
"SeaPak","Gleich"
"Breyers","Gleich"
"Haagen-Dazs","Gleich"
"Clorox","Gleich"
"Huggies","Gleich"
"Pampers","Gleich"
"Ben and Jerrys","Gleich"
"McCormick","Gleich"
"Dole","Gleich"
"Lawrys","Gleich"
"PowerDrill","Gleich"
"Spice Islands","Gleich"
"Fresh Gourmet","Gleich"
"SteelWorks","Gleich"
"GranitePro","Gleich"
"IronForge","Gleich"
"Horizon Organic","Gleich"
"MetalMaster","Gleich"
"RockSolid","Gleich"
"Daisy","Gleich"
"Lays","Gleich"
"Breakstones","Gleich"
"StoneMaster","Gleich"
"Kroger","Gleich"
"GumDrop","Gleich"
"CandyLand","Gleich"
"TreatHeaven","Gleich"
"Hampton Farms","Gleich"
"LollipopJoy","Gleich"
"SweetDelight","Gleich"
"Green Valley Creamery","Gleich"
"Knudsen","Gleich"
"WoodCraft","Gleich"
"OakStrong","Gleich"
"TimberLine","Gleich"
"Kirkland","Gleich"
"PureHarvest","Gleich"
"NatureBites","Gleich"
"Entenmanns","Gleich"
"Hostess","Gleich"
"Thomas","Gleich"
"SnackBerry","Gleich"
"ChillPops","Gleich"
"FrostyTreats","Gleich"
"IceBlast","Gleich"
"NutriFruit","Gleich"
"FruitEssence","Gleich"
"Wrigleys","Gleich"
"5 Gum","Gleich"
"Orbit","Gleich"
"AutoFocus","Gleich"
"Trident","Gleich"
"Dentyne","Gleich"
"Welchs","Gleich"
"Nature Valley","Gleich"
"Bonne Maman","Gleich"
"Smuckers","Gleich"
"Polaner","Gleich"
"ArcticBlast","Gleich"
"PowerPad","Gleich"
"TechTab","Gleich"
"Barilla","Gleich"
"De Cecco","Gleich"
"Ronzoni","Gleich"
"Marie Callenders","Gleich"
"Pepsi","Gleich"
"Coca-Cola","Gleich"
"Dr. Pepper","Gleich"
"Hungry-Man","Gleich"
"Stouffers","Gleich"
"Siggis","Gleich"
"Yoplait","Gleich"
"CoolSweets","Gleich"
"FreezePop","Gleich"
"GlacierDelight","Gleich"
"Chobani","Gleich"
"Tillamook","Gleich"
"Kraft","Gleich"
"BelGioioso","Gleich"
"Cabot","Gleich"
"IceBird","Gleich"
"WinterHarvest","Gleich"
"FreshFarm","Gleich"
"OrchardFresh","Gleich"
"FruitHarvest","Gleich"
"CoolCluck","Gleich"
"ArcticChicken","Gleich"
"ChillBird","Gleich"
"FrostyFeast","Gleich"
"FreezeFresh","Gleich"
"FarmChoice","Gleich"
"ShellDelight","Gleich"
"OceanPearl","Gleich"
"MarineTreasure","Gleich"
"ClamHarvest","Gleich"
"OysterGourmet","Gleich"
"SardineKing","Gleich"
"SeaHarvest","Gleich"
"PureNature","Gleich"
"OceanGold","Gleich"
"MarineDelight","Gleich"
"FisheryFresh","Gleich"
"PoultryPrime","Gleich"
"Monarch","Gleich"
"Curlew","Gleich"
"Red Wing","Gleich"
"Fantastic","Gleich"
"Fabulous","Gleich"
"Denny","Gleich"
"Club","Gleich"
"Landslide","Gleich"
"James Bay","Gleich"
"Ebony","Gleich"
"Choice","Gleich"
"Carrington","Gleich"
"Better","Gleich"
"Ship Shape","Gleich"
"Urban","Gleich"
"Faux Products","Gleich"
"Symphony","Gleich"
"Steady","Gleich"
"Washington","Gleich"
"Applause","Gleich"
"Footnote","Gleich"
"Atikam","Gleich"
"SeaPearl","Gleich"
"FashionPulse","Gleich"
"ChicMonthly","Gleich"
"CoutureMag","Gleich"
"HauteLife","Gleich"
"RunwayReview","Gleich"
"VogueFocus","Gleich"
"PurePint","Gleich"
"FreshPour","Gleich"
"TunaKing","Gleich"
"GlamourWorld","Gleich"
"OceanCatch","Gleich"
"ModernNest","Gleich"
"ElegantSpaces","Gleich"
"LivingEssentials","Gleich"
"HomeTrends","Gleich"
"RoomRevamp","Gleich"
"HouseHarmony","Gleich"
"HomeStyle","Gleich"
"ModeMaster","Gleich"
"CozyLiving","Gleich"
"DecorGuide","Gleich"
"InteriorDream","Gleich"
"CraftEase","Gleich"
"FishyDelight","Gleich"
"MarineGold","Gleich"
"ShrimpDelight","Gleich"
"SeaTreasure","Gleich"
"OceanHarvest","Gleich"
"AnchovyKing","Gleich"
"MarineSelect","Gleich"
"OceanBounty","Gleich"
"ShellFresh","Gleich"
"OceanFresh","Gleich"
"SeaSalt","Gleich"
"HopsHarvest","Gleich"
"ZeroProof","Gleich"
"ChillBrew","Gleich"
"SpiritZero","Gleich"
"CoolCraft","Gleich"
"PureBrew","Gleich"
"ShellPearl","Gleich"
"MarineGems","Gleich"
"SeaPrime","Gleich"
"BrewFree","Gleich"
"MarineChoice","Gleich"
"Gulf Coast","Gleich"
"Best","Gleich"
"Discover","Gleich"
"Obirah","Gleich"
"Imagine","Gleich"
"Jeffers","Gleich"
"Giant","Gleich"
"Mighty Good","Gleich"
"Nationeel","Gleich"
"Blue Medal","Gleich"
"Great","Gleich"
"Token","Gleich"
"Quick","Gleich"
"Best Choice","Gleich"
"Jardon","Gleich"
"Pearl","Gleich"
"Horatio","Gleich"
"Shady Lake","Gleich"
"Fort West","Gleich"
"High Top","Gleich"
"Sunset","Gleich"
"Lake","Gleich"
"Moms","Gleich"
"Akron","Gleich"
"Cutting Edge","Gleich"
"Gerolli","Gleich"
"Blue Label","Gleich"
"Plato","Gleich"
"Tell Tale","Gleich"
"Just Right","Gleich"
"Even Better","Gleich"
"Super","Gleich"
"Big City","Gleich"
"Excellent","Gleich"
"Tri-State","Gleich"
"Excel","Gleich"
"Black Tie","Gleich"
"Robust","Gleich"
"Thresher","Gleich"
"Fast","Gleich"
"Radius","Gleich"
"Bravo","Gleich"
"Sphinx","Gleich"
"Genteel","Gleich"
"BBB Best","Gleich"
"Golden","Gleich"
"Queen","Gleich"
"Special","Gleich"
"Top Measure","Gleich"
"Gorilla","Gleich"
"ADJ","Gleich"
"Toucan","Gleich"
"Musial","Gleich"
"Bird Call","Gleich"
"Atomic","Gleich"
"High Quality","Gleich"
"American","Gleich"
"Consolidated","Gleich"
"Carlson","Gleich"
"King","Gleich"
"Booker","Gleich"
"Portsmouth","Gleich"
"Hilltop","Gleich"
"Pleasant","Gleich"
"Dollar","Gleich"
"Kiwi","Gleich"
"Red Spade","Gleich"
"Dapi","Gleich"
"Skinner","Gleich"
"National","Gleich"
"Jumbo","Gleich"
"Swell","Gleich"
"Gauss","Gleich"
"Colossal","Gleich"
"Johnson","Gleich"
"CDR","Gleich"
"Medalist","Gleich"
"Good","Gleich"
"Prelude","Gleich"
"Framton","Gleich"
"Dual City","Gleich"
"Tip Top","Gleich"
"Hermanos","Gleich"
"Colony","Gleich"
"Toretti","Gleich"
"Big Time","Gleich"
"Amigo","Gleich"
"Walrus","Gleich"
"PigTail","Gleich"
"Cormorant","Gleich"
"Modell","Gleich"
"Green Ribbon","Gleich"
"SportAction","Gleich"
"ColdRelief","Gleich"
"HealthySip","Gleich"
"WinterWellness","Gleich"
"ChillGuard","Gleich"
"SniffleEase","Gleich"
"FarmMilk","Gleich"
"LactoseFree","Gleich"
"DailyDairy","Gleich"
"DairyFresh","Gleich"
"CreamyCow","Gleich"
"PureMilk","Gleich"
"MintyFresh","Gleich"
"CleanBreath","Gleich"
"BrightSmile","Gleich"
"SparkleRinse","Gleich"
"PureMouth","Gleich"
"OralCare","Gleich"
"ReliefPlus","Gleich"
"FluFight","Gleich"
"EasyBreathe","Gleich"
"FreshMint","Gleich"
"SneezeStop","Gleich"
"NutriMilk","Gleich"
"SausageSupreme","Gleich"
"ClassicDogs","Gleich"
"BrightGlow","Gleich"
"EcoBeam","Gleich"
"LightMaster","Gleich"
"StreetBites","Gleich"
"GrillMaster","Gleich"
"HotDogKing","Gleich"
"FrankfurterDelight","Gleich"
"HotDogHeaven","Gleich"
"PrimeDogs","Gleich"
"DeliChoice","Gleich"
"VineGrove","Gleich"
"MeatMaster","Gleich"
"MilkDelight","Gleich"
"GourmetSlice","Gleich"
"NobleGrape","Gleich"
"EnergyShine","Gleich"
"ClearLight","Gleich"
"WineCraft","Gleich"
"VinoSans","Gleich"
"GrapeEssence","Gleich"
"TotalClean","Gleich"
"SoyFresh","Gleich"
"TofuMaster","Gleich"
"FarmEggs","Gleich"
"GoldenYolk","Gleich"
"FreshNest","Gleich"
"VeggiePress","Gleich"
"PureSud","Gleich"
"DishMaster","Gleich"
"SparklingClean","Gleich"
"PureSoy","Gleich"
"TofuDelight","Gleich"
"CrustMaster","Gleich"
"PizzaDeluxe","Gleich"
"TopTaste","Gleich"
"PizzaKing","Gleich"
"SliceHeaven","Gleich"
"BurgerBlend","Gleich"
"EggLand","Gleich"
"PureEgg","Gleich"
"PrimeBeef","Gleich"
"MeatChoice","Gleich"
"BeefKing","Gleich"
"CleanSwipe","Gleich"
"PainRelief","Gleich"
"NasalGuard","Gleich"
"MedEase","Gleich"
"PainAway","Gleich"
"AcetaminPro","Gleich"
"BreatheFree","Gleich"
"MouthShine","Gleich"
"BreathGuard","Gleich"
"NasalEase","Gleich"
"SinusRelief","Gleich"
"ClearNose","Gleich"
"PowerClean","Gleich"
"SparkleDish","Gleich"
"ShineMaster","Gleich"
"FoamFresh","Gleich"
"PureRinse","Gleich"
"CleanWave","Gleich"
"IbuCare","Gleich"
"ReliefMax","Gleich"
"AspirinEase","Gleich"
"QuickRelief","Gleich"
"PainGuard","Gleich"
"CrunchyCrave","Gleich"
"JavaJoy","Gleich"
"BrewHouse","Gleich"
"MorningBlend","Gleich"
"EyeGuard","Gleich"
"SunShade","Gleich"
"CoffeeMaster","Gleich"
"EspressoEdge","Gleich"
"RoastRite","Gleich"
"PureBean","Gleich"
"AromaBrew","Gleich"
"GlareBlock","Gleich"
"OptiShield","Gleich"
"FreshBrush","Gleich"
"BrightTeeth","Gleich"
"CleanSmile","Gleich"
"BrightEyes","Gleich"
"RayDefender","Gleich"
"VisionClear","Gleich"
"UVProtect","Gleich"
"SunGuard","Gleich"
"ClearView","Gleich"
"HotSip","Gleich"
"ProAthlete","Gleich"
"VictoryMag","Gleich"
"SportsElite","Gleich"
"ToolMaster","Gleich"
"FixIt","Gleich"
"ActiveLife","Gleich"
"GameDay","Gleich"
"AthleticFocus","Gleich"
"PowerPlay","Gleich"
"ChampionReview","Gleich"
"SportsDigest","Gleich"
"EnergyPlus","Gleich"
"PowerCell","Gleich"
"VoltMax","Gleich"
"BatteryKing","Gleich"
"ChargePro","Gleich"
"GeoGuide","Gleich"
"DriveRight","Gleich"
"ScrewPro","Gleich"
"PrecisionTools","Gleich"
"AtlasWorld","Gleich"
"MapMaster","Gleich"
"OralGuard","Gleich"
"SmoothDips","Gleich"
"SavoryChoice","Gleich"
"GourmetBlend","Gleich"
"SnackMate","Gleich"
"FreshFlavor","Gleich"
"TastyDips","Gleich"
"DonutHaven","Gleich"
"GlazeMaster","Gleich"
"FrostyTreat","Gleich"
"FlavorWave","Gleich"
"DipDelight","Gleich"
"GoldenCrisps","Gleich"
"SavorySnacks","Gleich"
"CrispMaster","Gleich"
"FlavorCrackers","Gleich"
"BiteSize","Gleich"
"CrunchyBites","Gleich"
"BoldTaste","Gleich"
"DipMaster","Gleich"
"CrispyCrunch","Gleich"
"CrackleThins","Gleich"
"SnackCrisp","Gleich"
"DoughDelight","Gleich"
"ScrubMaster","Gleich"
"CleanPot","Gleich"
"ShineEase","Gleich"
"SpotlessScrub","Gleich"
"GleamGuard","Gleich"
"SparkleBrite","Gleich"
"WhiteWave","Gleich"
"ShineBright","Gleich"
"SmileCare","Gleich"
"ToothFresh","Gleich"
"PearlClean","Gleich"
"SparkleBowl","Gleich"
"CleanFlush","Gleich"
"HygienicHome","Gleich"
"SweetRing","Gleich"
"FreshFlush","Gleich"
"BrushEase","Gleich"
"PotShine","Gleich"
"ScrubEase","Gleich"
"CleanEdge","Gleich"
"GleamPro","Gleich"
"ToughScrub","Gleich"
"Nature?sBest","Nur in der vorbereiteten CSV"
"Nestl?","Nur in der vorbereiteten CSV"
"Pr?sident","Nur in der vorbereiteten CSV"
"Caf?Delight","Nur in der vorbereiteten CSV"
"Caf�Delight","Nur in den Produkten"
"Nature�sBest","Nur in den Produkten"
"Nestl�","Nur in den Produkten"
"Pr�sident","Nur in den Produkten"
