SUPPLIER_ID;HOUSE_NUMBER;CITY;POSTAL_CODE;STREET;COUNTRY;NAME;IBAN;PHONE_NUMBER;CONTACT_PERSON;CONTACT_PERSON_EMAIL
1;176;South Steventown;96404;Carr Circle;Japan;Allen-Morgan;GB57ARMU01763081697479;(906)693-6213;Megan Jordan;umack@example.com
2;116;Smithmouth;58765;Hernandez Gateway;Gabon;Anderson-Williams;GB48MFJP84005593091199;(484)610-8735;Tanya Bennett;ymorse@example.net
3;134;New Davidchester;56185;Mayo Common;Finland;Lawrence Ltd;GB46CJAE96662284508059;8389356570;Jose Martin;allen98@example.com
4;57;Anitahaven;83106;Houston Crossroad;Peru;Hopkins Inc;GB35YDFB54466900784249;3549511872;Rachel Barrett;melvinjames@example.net
5;159;Port Meghanborough;27896;Wood Ports;Saudi Arabia;Holder Inc;GB86UCPB74263427215594;244-213-7351;Jennifer Wilson;vasquezchelsea@example.com
6;176;Campbellview;43063;Klein Center;French Guiana;Andrews-Cooper;GB40MZFH44719745238843;(438)291-4923;Rhonda Jensen;yeaton@example.net
7;2;Lake Valeriechester;84538;Reeves Plains;Syrian Arab Republic;Young-Rodriguez;GB72KETC87121698840063;6233817945;Daniel Rogers;franklinmargaret@example.com
8;50;South Charlesport;95710;Marie Squares;Hong Kong;Anderson PLC;GB50SHIT81013782620612;967-854-1131;Christina Bates;ortizkelsey@example.net
9;69;Huntside;99382;Moses Curve;Cyprus;Ortega, Miller and Hull;GB71HFQT44041821910012;468-256-6970;Brittany Kim;curryrhonda@example.net
10;21;New Josephfurt;06783;Nicholas Club;Ukraine;Crawford, Rodriguez and Morales;GB11NIVZ95417380780135;(273)279-2978;Michael Page;jason66@example.com
11;7;Petersburgh;77042;Wilson Branch;Guam;Burns-Strong;GB82FEXE53865717301200;2966610002;Jeffery Simpson;shannonparrish@example.net
12;198;Jasonburgh;22336;Galvan Keys;Grenada;Barnes Group;GB46IESC10016586499849;(807)261-6245;Cynthia Thompson;erikjohnson@example.com
13;159;New Joshua;73300;Colon Landing;British Virgin Islands;Brown-Delgado;GB15BVUP77766940590455;(216)485-6937;Michael Thornton;mevans@example.net
14;146;Port Rebekah;15128;Meyers Field;Cocos (Keeling) Islands;Carter-Walls;GB62HEZI54596639614047;(922)659-5134;Christy Baker;turnerjoan@example.com
15;115;Marquezside;71883;Diaz Neck;New Zealand;Jones Inc;GB94QYUB46995456405998;(932)689-4893;Joshua Griffin;karenhawkins@example.net
16;198;New Chris;71712;Jonathan Dam;Guadeloupe;Mcpherson Ltd;GB35XVBG45398466243410;656-763-4277;Jeffrey Johnson;marylewis@example.net
17;157;West Waynechester;95451;Walton Station;Costa Rica;Montgomery, Wright and Jarvis;GB25PNYY97605497743900;5304852286;David Brown;callahanmegan@example.net
18;34;Lake Amandaville;47932;Walker Park;Suriname;Shaw, Ramirez and King;GB31EVRQ13441675880467;(975)682-4275;Kenneth Hurst;xlawrence@example.com
19;63;West Laurenside;12795;Guzman Place;British Indian Ocean Territory (Chagos Archipelago);Daniels-Yates;GB17RPOY91413854526577;744-934-4851;Christine Sanders;debracopeland@example.com
20;96;Jorgebury;46833;Ramos Throughway;Iraq;Moore-Tucker;GB59TMIK88508593244582;(703)763-6837;Joseph Baxter;petersmichelle@example.org
21;32;Reynoldsshire;38677;Kristina Station;Sierra Leone;Henry PLC;GB56MTFE27279147233762;(547)608-4993;Brian Hardin;stacy56@example.org
22;74;Port Patrick;83211;Jasmine Spurs;Bolivia;Jones, Short and Martin;GB18IPPH99273800758622;(783)232-5978;Jorge Baird;ashleeadams@example.com
23;67;South Jessica;84831;Kenneth Mountain;Philippines;Guzman PLC;GB63DMQS56422030349455;3877939398;Dennis Clark;duanemartinez@example.com
24;146;Port Christian;69727;Eric Forges;Djibouti;Rodriguez-Rogers;GB59ZMHQ12898852304550;601-476-8518;Keith Anderson;bakeralicia@example.org
25;50;North Drewborough;90267;Burke Creek;Niue;Edwards-Jones;GB36WGNW31152418655439;8985374656;Donald Parker;victoriajackson@example.com
26;107;Dannyfurt;54547;Clements Junctions;Oman;Trevino-Graham;GB48FXWF63396902759109;(939)520-4033;Robert Anderson;kenneth20@example.net
27;58;Greenbury;08735;Stephanie Falls;Kiribati;Hughes, Walker and Lewis;GB82IEMI96141662649576;899-340-2356;Danny Stewart;gainesmichael@example.net
28;85;Johnburgh;70759;Wilkinson Landing;Georgia;Rodriguez, Parker and Cole;GB35TEBP74166101669789;3134846105;Emily Ward;nicole52@example.net
29;68;Derekmouth;39413;Katie Junction;Botswana;Goodman Inc;GB39FGQT65414158883774;4842982041;Kim Soto;tasha82@example.com
30;103;Lake Barbara;55515;Thomas Haven;Kyrgyz Republic;Reyes-Moss;GB09WXFG24834498200854;6868771223;Ryan Hernandez;idougherty@example.net
31;91;Lake Christopher;47098;Cummings Spur;Anguilla;Jackson, Duran and Hicks;GB45ZCUV07821107088596;253-701-5693;Barbara Barnett;bpineda@example.com
32;9;Jamesborough;06064;Jacobs Cliff;Angola;Foster, Yu and Barnes;GB39XQOL85093851891557;3687283589;Susan Williamson;morganhart@example.org
33;125;Port Stevenview;45285;Zachary Mountain;Ireland;Mcmillan LLC;GB26FEUH34777366848378;793-395-9325;Andrew Moss;sheilamurphy@example.com
34;44;Brettfort;80147;Mitchell Estate;Kyrgyz Republic;Cain, Smith and Collins;GB89SXLB74005723587907;(887)906-7786;Travis Sheppard;rickymeyer@example.org
35;40;West Mark;90870;Wheeler Keys;Burkina Faso;Lynch, Hall and Duran;GB89UDEY52824378673369;450-233-1962;Kimberly Lopez;mike72@example.org
36;138;Hammondland;86394;Durham Loaf;Nepal;Miller LLC;GB47QAAG39034082786660;(694)647-1621;Theresa Johnston;qwilliams@example.com
37;109;Haleyfort;89978;Richard Trace;Turks and Caicos Islands;Miller, Marquez and Gallagher;GB26XLOO28481373782994;9103728149;Jennifer Robinson;youngerica@example.com
38;176;North David;04622;Yolanda Rue;Hong Kong;Ramirez, Hunt and Schneider;GB71PIBU06939965642875;4447146096;Jessica Cooper;martinezbrittany@example.com
39;15;South Amanda;07118;Rodriguez Glens;Macao;Williams-Morrow;GB77YZCG17297700792803;(474)579-1415;Kenneth Ramirez;williamsangel@example.com
40;114;South Martha;10070;Brown Junctions;Kenya;Wright, Stevens and Mcgee;GB06GNVF34710380440759;863-606-4315;Danny Lynch;mbennett@example.net
41;90;Williamshaven;87855;Reed Course;Cameroon;Nguyen LLC;GB70HEYT45757596583038;615-706-5993;Kayla Hopkins;trobinson@example.net
42;9;Wattsside;60533;Jessica Lake;Kenya;Trujillo Inc;GB53WORS59807605130093;(526)696-2345;Richard Wilkerson;allenhill@example.org
43;44;North Haydenfurt;30841;Laura Center;Portugal;Hernandez, Hill and Coleman;GB18XUXW19311875575278;2564993496;Edward Smith;davidmcdaniel@example.org
44;197;New Lisafort;49634;Dawn Port;Gambia;Long-Singh;GB53GLEW63879796349745;374-336-9678;Brandon Frazier;chavezcheyenne@example.com
45;2;Port Kerryfurt;67071;Douglas Radial;Bahamas;Kline Group;GB81HIEK17516691419443;6636417082;Alexis Gonzales;abbottsteven@example.org
46;90;Jenniferbury;23626;Lee Centers;Norfolk Island;Bell Group;GB08KUNZ01854886382663;5532376460;Philip Price;wfox@example.net
47;49;East Craigmouth;38908;Campos Ways;Poland;Randolph and Sons;GB32VTUI92322944021282;(482)474-4998;Brian Anderson;gabrielle26@example.com
48;33;Hernandezside;64339;King Stravenue;Senegal;Brock Group;GB31BDMG33343291224200;(953)227-3122;Kimberly Johnson;debrabutler@example.com
49;195;South Andrewville;12310;Randall Loaf;Poland;Ortiz-Cannon;GB42BCNJ65253860256818;881-281-8357;David Norman;jacqueline02@example.com
50;33;South Gabriel;70564;Allen Corners;Djibouti;Miller Group;GB69LDOB41996093311789;9397259478;Andrea Wells;jonathangrant@example.com
51;91;New Thomasport;70415;Diaz Course;Burkina Faso;Hanson, Roberts and Sanford;GB29KTNP61519637173850;(204)963-0810;Joseph Brown;bpetersen@example.org
52;123;Jennifermouth;14138;Porter Fork;Malawi;Hale, Prince and Rivera;GB25GAEA17708118341275;7787482712;Nicholas Jones;lindamcgee@example.com
53;78;West Shannon;46466;Katie Via;Bosnia and Herzegovina;Estes-Jones;GB19YAAN44431219136807;(522)618-0248;Courtney Turner;pnavarro@example.net
54;35;South Christineton;51743;Villegas Villages;Italy;Salazar, Tucker and Norman;GB86NKNE90091272857516;2832648500;Kristin Willis;ismith@example.com
55;174;South Benjaminshire;38681;Crystal Burgs;Macao;Boyd, Lee and Berry;GB55UEIT04296758481174;(335)284-3240;Joseph Bowen;cindy54@example.com
56;69;Thomasstad;43230;Stone Course;Svalbard & Jan Mayen Islands;Villegas, Burch and Moore;GB09HMBJ37487352654122;274-475-1366;Sara Peters;williamgarcia@example.com
57;61;Smithmouth;87972;Sandra Meadow;Reunion;Brown and Sons;GB71SEUE89265167220595;308-531-7409;Tamara Hull;waltondonna@example.com
58;73;Mossfort;59620;John Station;Saint Vincent and the Grenadines;Garcia-Bryan;GB70EBVN70073244586535;612-461-0181;Melissa Skinner;clee@example.org
59;140;Matthewberg;14698;Callahan Viaduct;Brazil;Pope PLC;GB45MPAP12542914703237;(751)872-6701;Joshua Murillo;castrokathryn@example.org
60;115;Davidshire;47149;Barbara Center;Spain;Lyons-Macdonald;GB30WLHX53881052325428;792-322-2229;Richard Anderson;ctaylor@example.net
61;51;Joshuafort;97630;Jonathan Neck;Cuba;Mcgee-Duran;GB19OLGD60481775835452;551-583-8686;Andrea Avila;robersonshawn@example.org
62;89;New Michael;34183;Li Squares;Brazil;Gordon-Thompson;GB48YMWY96320578317781;(873)583-5871;Cynthia Elliott;kathryn56@example.net
63;40;West Gabriellestad;36097;Ellis Forges;Solomon Islands;Caldwell, Elliott and Williams;GB78BKUR30811840289231;(203)990-4582;Jose Austin;adamstrickland@example.org
64;184;Timothyfurt;42999;Suzanne Flat;Fiji;Acevedo and Sons;GB06TARD03549245502333;(480)858-6551;Michael Cox;gfuller@example.com
65;83;Lake Nicolefurt;99291;Robertson Inlet;Ethiopia;Butler, Faulkner and Alvarado;GB55ZRHC50324881750395;(363)949-5524;David Lee;williamsmith@example.net
66;123;Careyside;46519;Mark Court;Costa Rica;Davis-Reeves;GB37EDAW86738741826039;220-523-1891;Brandon Phillips;natalievelazquez@example.org
67;119;West Kevinchester;61954;Smith Orchard;French Southern Territories;Ward, Gibson and Munoz;GB07MAQI06101119387247;641-919-5508;Joseph Lewis;lauren20@example.org
68;31;West Toddberg;58354;Shirley Ridges;Georgia;Moran, Campbell and Phillips;GB68WXGJ77328043240281;434-778-0584;Megan Andrews;iwilliams@example.net
69;107;South Elizabeth;89065;Mikayla Course;Tunisia;Cole and Sons;GB15PLQV06069827583207;998-900-0616;Lauren Simpson;joshuaroberts@example.net
70;166;Port Leslie;37505;Isabella Mountain;Mali;Cunningham, Torres and West;GB81VJEX86562724727376;(357)770-6979;Lauren Hall;mmedina@example.com
71;141;East Amyhaven;25432;Rogers Islands;Montenegro;Wilson Ltd;GB04MCZW99851047481777;(307)495-4688;Erica Delgado;stuartsamantha@example.org
72;15;Lake Edwardtown;77842;Ryan Junction;Seychelles;Cooper-Gray;GB91OKMQ36749212657628;927-772-0394;Mary Norton;tsmith@example.net
73;73;Port Rebecca;61380;Amanda Haven;Eritrea;Ross-Greer;GB70XDQC69030883882559;941-837-0287;William Cox;paulbenson@example.com
74;26;Mcfarlandfort;83463;Moore Loop;Liberia;Johnson LLC;GB90QKQK27987786969662;8048518140;Nichole Duran;hughesjeffrey@example.org
75;150;East Kimberlytown;98958;Lance Mill;Ukraine;Guerra-Ellis;GB07NRFR85145233791047;3178365126;Alexander Ritter;valeriehernandez@example.com
76;188;Heidimouth;73710;Christina Trafficway;Saint Barthelemy;Price, Martinez and Harvey;GB12BHVZ86834928871674;4755658274;Elizabeth Rodriguez;christinamejia@example.org
77;76;East Bruce;51036;Lori Summit;Austria;Sanders LLC;GB17CBNB16956327274412;9947307459;Timothy Hughes;jameshughes@example.net
78;127;Reyesborough;84423;Chelsea Springs;Portugal;Meyer-Smith;GB72MSIQ84976100219684;982-578-3512;Jeremy Norton;garytaylor@example.com
79;164;Kendraview;81931;Chad Trafficway;Cape Verde;Diaz LLC;GB85HZBG69820857169396;9155686696;Lindsey Tanner;zedwards@example.net
80;105;East Jason;91389;Pollard Curve;Egypt;Hoffman, Holloway and Carey;GB15SDAA83232842924820;2168292179;Robert Murray;shawnbray@example.org
81;120;Saratown;70857;Bowman Throughway;Georgia;Scott, Leon and Hall;GB83XKWY46113272633574;7004815398;Brian Stout;rebecca33@example.com
82;177;South Davidton;98170;Paula Mountains;Denmark;Lewis-Schwartz;GB63QRTY02494390135747;283-800-5405;Meghan Jordan;matthew52@example.org
83;147;New Jeffreyview;70682;Richard Tunnel;Seychelles;Burch-Jenkins;GB38NSTM31233519875873;(793)930-5250;Corey Fischer;ybennett@example.com
84;105;West Shawnport;55072;Ramos Alley;Bouvet Island (Bouvetoya);Jacobs-Buck;GB51MMOZ69485196055925;(224)474-0477;Michael Mcknight;joan68@example.org
85;3;Lake Jeffreyside;24789;Linda Land;Nigeria;Martin, Kelley and Martin;GB66VKSF20636938580156;5023974787;Nathaniel Dominguez;taylorcopeland@example.com
86;196;North Thomas;79731;Johnson Turnpike;Myanmar;Martin, White and Shaw;GB53KICP68555416714330;(802)558-4893;Tonya Baker;dawn36@example.com
87;25;Buchananfort;97438;Rowland Tunnel;Philippines;Larson-Myers;GB40KEWD71318786837170;(329)307-2804;Mary Perez;sara34@example.net
88;131;Port Heatherfurt;12101;Young Burg;Italy;Cameron, Cunningham and Mathis;GB98CWPD32044704942142;4005739523;Olivia Reynolds;gonzalezchase@example.com
89;172;Morganmouth;23958;Nguyen Creek;Hong Kong;Bauer-Kennedy;GB31TLBC99254462992237;(475)627-9999;Elizabeth Tucker;ricecarl@example.org
90;6;Yoderland;55317;Robert Mountains;Angola;Hicks-Gomez;GB06DVGF15589335286746;(843)923-6266;Mary Goodwin;idrake@example.org
91;8;South Diamond;06488;Nielsen Flats;Cook Islands;Kelly-Benton;GB83XMQA19934783051479;3317090911;Thomas Adams;ifischer@example.org
92;163;North Seanberg;67407;David Court;Pitcairn Islands;Myers, Robinson and Smith;GB21XXFW74108951233435;3489167979;Shawn Cooper;reneedalton@example.com
93;105;Staceymouth;79741;Drew Divide;Falkland Islands (Malvinas);Lawson, Franco and Gardner;GB76OFWA74415168203130;613-715-9997;Karen Bowers;tyler91@example.com
94;107;North Brandonmouth;19634;Edwards Crossroad;Cambodia;Smith LLC;GB17UKLF62585121516908;(633)600-8676;Andrew Wood;brett41@example.org
95;47;Danielbury;75627;Veronica Tunnel;Netherlands Antilles;Hill, Galloway and Fernandez;GB45BFCV29431506743745;2239075347;Michael Johnson;curtiscastro@example.net
96;106;Huynhfurt;53605;Dylan Springs;Iceland;Obrien, Mendoza and Love;GB72IOHU89027129817604;(801)677-1829;Amanda Carroll;amandamyers@example.net
97;144;Troybury;95365;Davis Walks;Seychelles;Simon, Snyder and Garcia;GB68USWS97451175055378;(420)800-9169;Ethan Garcia;cheyennebishop@example.net
98;66;South Jenniferfort;61020;Walters Canyon;Antigua and Barbuda;Johnson PLC;GB09OVLO25758152813126;(771)836-5380;Stacie Smith;ljackson@example.com
99;157;North Daniel;43673;Karen Neck;India;Garcia-Davis;GB60NNMT29861600625469;(385)872-6220;Christine Jones;martinezjason@example.net
100;64;Staceyview;80833;Martin Cliff;United Arab Emirates;Parker-Clark;GB82QSST66609902804088;777-440-0642;Barbara Holloway;caroline71@example.net
101;102;Christinaport;95230;Richard Isle;Montserrat;Cooper-Rodriguez;GB74PESO59820961215011;5908887435;Robert Miller;william51@example.org
102;131;South Glenntown;56279;Christopher Springs;Fiji;Porter, Perez and Green;GB61JIZF10829132517317;2444371242;Christina Vasquez;amy78@example.net
103;169;Braunburgh;08788;Carter Forge;British Indian Ocean Territory (Chagos Archipelago);Franklin-Rodgers;GB88JLGT15681456499648;5115682597;John Torres;joseph05@example.org
104;173;Haleyton;51099;Miller Rue;Romania;Smith-Spencer;GB68GIPQ19972378314209;857-766-2087;Patty Lyons;jacquelinepearson@example.net
105;154;Clarkberg;38360;Jennifer Tunnel;Slovakia (Slovak Republic);Henry-Gonzalez;GB15ZDLS40477839250475;(337)241-8479;Gene Faulkner;alan37@example.org
106;82;North Gilbertbury;61623;Michelle Freeway;Morocco;Dennis PLC;GB88GJOF36553877010815;(488)817-0264;Sarah Ball;bennettjennifer@example.net
107;46;Davidville;06741;Shea Station;Monaco;Cooper-Burns;GB87TPZC39624659410043;8063446023;Julie Green;smithjoanne@example.com
108;8;South Brooke;98856;Anna Trafficway;Italy;Brown, Jones and Hunter;GB42AKBA58416496482032;811-402-5822;Adrienne Lawson;imarks@example.net
109;182;Seanchester;39228;Alexandra Ranch;Bouvet Island (Bouvetoya);Fowler, Herrera and Ellis;GB57HHQM84973001139690;(224)694-0405;Daniel Farmer;dominguezalicia@example.com
110;17;Port Jasonland;57431;Mendoza Gateway;El Salvador;Ramirez, Long and Cruz;GB11ALQJ29191869606320;3912861036;John Hart;kramervincent@example.org
111;97;North Jodifort;07465;Brenda Street;Cape Verde;Washington, George and Harmon;GB24RQHA51219397757359;231-441-8892;Sonya Mcfarland;vmacias@example.net
112;179;Frederickborough;82308;Christina Unions;Nicaragua;Montgomery Ltd;GB87UBFJ18572230772388;2476205419;Melissa Williams;lwalters@example.org
113;176;Davidmouth;49763;Taylor Tunnel;Bulgaria;Jacobs, Gardner and Davidson;GB06PTZZ86551485826619;844-517-0275;Jennifer James;jamesharris@example.org
114;12;Jamesfort;61747;Wilson Mills;Mozambique;Herman, Anderson and Barnes;GB45RZFE14834889752266;210-300-1011;Jacqueline Walter;nancy24@example.org
115;135;South Sharon;76344;Bright Walks;Andorra;Patterson, Vargas and Nash;GB28NMBV99702302774402;389-947-4926;Ruben Campbell;amy73@example.org
116;177;Darrylfurt;99873;Kelly Ports;Belize;Salinas, Hamilton and Richards;GB36NKBX12761348191492;4427370854;Lauren Chung;schneiderdiana@example.net
117;191;Ortizstad;12917;Tiffany Groves;Saint Martin;Lopez, Diaz and Alvarado;GB08XXSS49589386500655;9776034821;Richard Ho;jerry94@example.net
118;190;South Jasmineport;55646;Jones Brooks;Martinique;Davis-Johnson;GB84QTYC90210625975366;(286)784-6357;Emily Walton;jhunt@example.org
119;121;Davidhaven;25694;Angela Alley;Cayman Islands;Shepard PLC;GB71YZYZ04628065303254;246-974-8531;Melissa Carroll;theresa09@example.org
120;94;Lake Brucebury;42620;Chung Key;Estonia;Cook, Johnson and Vargas;GB56LMIZ87960112341228;(491)448-5666;Christine Cruz;esutton@example.com
121;149;Port Danielside;66871;Brian Cape;Eritrea;Johnson-Garcia;GB56EHVP59995197417714;3552837591;Joseph Williams;lauriepearson@example.net
122;68;Huntermouth;69968;Branch Lock;Spain;Jenkins-White;GB42VOVU04430020590210;(811)945-7123;Jonathan Hines;burtondavid@example.com
123;158;Edwardsstad;32869;Rachel Pike;Hong Kong;Roberts-Mosley;GB84XFKL20821167701827;614-770-9244;Jonathan York;daltonmary@example.com
124;26;Daviesmouth;38190;Kennedy Curve;Saint Pierre and Miquelon;Short, Snyder and Kelley;GB31XLLP03572559934572;593-441-6656;Eric Fitzgerald;reginaldnelson@example.com
125;183;South Jeffreyfurt;30732;Jones Mount;Lebanon;Brooks, Bell and Day;GB65VJOY98979422431792;9042533262;Andrea Randall;wendy08@example.org
126;27;Perezfurt;26716;Clark Ports;Afghanistan;Hampton Inc;GB16XVHV95305173414506;(540)821-8266;Chelsea Morrison;travis10@example.net
127;67;Zimmermanchester;47739;Russell Turnpike;Austria;Rowland, Holloway and Adams;GB72YZHX30126971977418;2618593691;Kathryn Mckay;michael69@example.org
128;37;Thomasborough;12081;Hatfield Roads;Germany;Burns-Robbins;GB28EPIQ79309924618252;(605)923-8785;Antonio West;fmartinez@example.org
129;83;North Alanshire;33936;Andrea Rapid;Equatorial Guinea;Gomez, Patton and Hughes;GB32YUFS83228753548545;574-784-0563;Pam Ashley;connieburke@example.com
130;165;Greenton;04788;Cooper Station;Guam;Copeland-Hernandez;GB92TSIS74124998756944;940-906-1694;Heather Collins;lejames@example.net
131;12;Lake Chadmouth;70207;Kristi Pine;Romania;Chavez-Beasley;GB98AXDS12704137784697;541-386-4577;Cathy Salas;igraves@example.net
132;43;Lake Suzanneport;30668;Vargas Bypass;Cameroon;Henderson LLC;GB47CCIL98140341383741;867-280-9122;Joseph Wright;susanfranklin@example.com
133;176;Lake Jessica;07796;Alexander Shores;Suriname;Carpenter-Hernandez;GB20DFZG61722056422131;(965)582-1509;Wendy Coleman;paulajordan@example.com
134;53;Codymouth;21620;Amy Crossing;Heard Island and McDonald Islands;David-Davis;GB06TSIL07904424220989;4767270676;Anthony Ferguson;johnstontiffany@example.net
135;57;New Michaelfort;71127;Mejia Forks;Northern Mariana Islands;Williams Ltd;GB66MJXM46653887884300;4515636106;Brandon Anthony;obrown@example.net
136;21;Christinaport;56141;Jones Extension;Peru;Edwards-Coffey;GB56QXKI73414018157405;2778655764;Michael Brown;ujohnson@example.org
137;53;East Nicoleton;01059;Harris Fork;Poland;Smith and Sons;GB20BOLV97972460792803;373-587-4688;Richard Drake;clayheather@example.net
138;94;East Omar;39420;Vargas Path;Nepal;Wood, Wells and Henson;GB53OTPC86910136168988;247-529-0879;Heather Mullins;theresaellis@example.net
139;35;Port Brandon;32799;Maxwell Fork;Tuvalu;Miller, Robinson and Mason;GB60WQVD40285871810473;6149957457;Jeffrey Rollins;ymartin@example.org
140;110;Lisabury;74571;Scott Spur;Tanzania;Fisher LLC;GB74KFLO29112779929572;(994)792-9906;Amy Huff;pricerobin@example.org
141;192;New Robert;89625;Robertson Inlet;Turkmenistan;Johnson and Sons;GB06EEPD42518783035560;6758297880;Matthew Wong;aross@example.net
142;34;Bruceside;89819;Nicholas Spring;Puerto Rico;Morgan LLC;GB22SGCL47532251621362;8487920064;David Booth;karen11@example.net
143;37;Kennethtown;01211;Morgan Road;Afghanistan;Wells, Hamilton and Evans;GB26CSQA80004039406354;247-206-4455;Kevin Floyd;linmeghan@example.org
144;145;North Kimberlymouth;68214;Linda Port;Tunisia;Singleton PLC;GB80EHGQ67457885837582;(475)747-9592;Amber Frost;nparker@example.net
145;169;North Melissaside;67812;Rowland Station;Singapore;Kim and Sons;GB47DYPV69288656105110;(488)979-4008;Mary Smith;jacquelinewagner@example.net
146;14;North Erikamouth;72355;Michael Summit;Montserrat;Long-Butler;GB60SCAD52520647074929;(417)791-0492;Hannah Mitchell;greenchristopher@example.org
147;124;Samanthatown;09496;Tammy Mountains;Mauritania;Reed and Sons;GB48WILA45697169974501;7218933854;Robert Jackson;merrittkara@example.org
148;14;North Johnnytown;22187;Moore Plains;Guatemala;Dawson-Hall;GB07TEVX30911749459223;7439685106;Kelly Herrera;uterry@example.org
149;118;Ambermouth;12784;Thomas Tunnel;Guadeloupe;Johnson PLC;GB76GHYA15885797011700;(573)426-5503;Jason Blackwell;johnpatterson@example.org
150;95;South Joshuaberg;97459;Lisa Canyon;Latvia;Wise, Davis and Russell;GB33USZB05149556711301;497-285-4471;Victoria Wall;iphillips@example.org
151;23;Craigside;11440;Michael Freeway;Christmas Island;Berger Group;GB10RMZY90659925858855;3306899597;Karen Hudson;hpope@example.net
152;160;Alexandermouth;30783;Martinez Drives;Namibia;Guzman Inc;GB33DPAV67290859371401;(977)742-1198;Kevin Hernandez;chandlertara@example.org
153;49;West Elizabethside;28659;Barbara Meadow;Seychelles;Jackson and Sons;GB51DNWE18770054683819;8104548475;Paul Day;amcdonald@example.org
154;143;Port Deborah;44868;Joshua Canyon;Belize;George-Sanchez;GB73KOBS22350122289779;550-739-3105;Xavier Reese;vpeterson@example.net
155;85;Cunninghamland;37270;Tyler Valley;Kuwait;Love, Mckenzie and Turner;GB31JOIB44254900453429;(510)526-4918;Heidi Hughes;wbarnes@example.com
156;173;New Sarahfort;93484;Joseph Forges;Belize;Williams, Rivera and Navarro;GB73HVCC14482893653353;7443606718;Allen Cole;charlesgrant@example.net
157;4;Port Stephanie;12914;Moore Throughway;South Georgia and the South Sandwich Islands;Ryan, Hess and Raymond;GB32OCCE07057874740706;635-843-3996;Susan Jacobs;margaretking@example.net
158;160;Lawrenceshire;89460;Mary Gateway;Jersey;Thomas, Prince and Fuller;GB30CAAV58892850488403;(804)631-2693;Angela Lynch;hernandezcarl@example.net
159;14;Lake Allison;44468;Micheal Glens;Guinea-Bissau;Petty-Woodward;GB13PSKC12621313265984;380-580-0370;Thomas Schwartz;nicole66@example.com
160;56;Port Lori;56178;Shawn Way;Equatorial Guinea;Smith, Powell and Pruitt;GB30TYUZ80262296591408;330-711-1058;Jason Parker;crossrobert@example.org
161;152;North Deborah;22261;John Prairie;Liechtenstein;Richards, Calderon and Strickland;GB11RFTV91029259616103;9636248579;Victor Cruz;chavezdavid@example.com
162;50;New Jeremy;75529;Anderson Hills;Ireland;Lowe, Ibarra and Oneill;GB39OEDK34136174836269;(891)747-7280;Vincent Hopkins;robin28@example.com
163;80;Kirkville;60273;Guerrero Ramp;Colombia;Roberts-Butler;GB87QAEO29745089143127;(561)434-1728;Madison Flores;barneslindsey@example.com
164;118;Christinahaven;09593;Matthew Turnpike;United Arab Emirates;Hill-Smith;GB11CRCS07867229991658;(795)994-8565;Jessica Lee;ngay@example.org
165;9;Williamport;67203;Lauren Spur;Nicaragua;Scott and Sons;GB74KGQO96940117538021;(312)208-6973;Andrew Anderson;ericsantiago@example.com
166;59;New Robertland;99726;Patterson Light;American Samoa;King LLC;GB05ALQQ52001719675751;873-497-2563;James White;xcox@example.org
167;53;Mcdowellmouth;44981;Brittany Club;Romania;Obrien PLC;GB25FJJD42454683508943;(797)352-8481;Hunter Johnston;jsloan@example.org
168;55;West Davidbury;21737;Deanna Passage;Chile;Short LLC;GB45YEXK37387967785084;(722)588-7410;Larry Smith;braunmckenzie@example.com
169;76;Piercetown;17409;Nelson Club;Fiji;Mitchell Inc;GB05UKDS54775588699052;(894)598-8801;Lisa Harmon;edward22@example.com
170;155;Port Michaelstad;72478;Amy Route;New Caledonia;Chase, House and Coffey;GB87ARLK14568789488649;921-242-8345;Cody Melton;sgarcia@example.org
171;147;North Whitneyshire;35858;Brendan Row;Sierra Leone;Dominguez Ltd;GB47VKGQ61313813953612;4812179313;Robert Houston;velezholly@example.org
172;84;Mauriceview;24422;Tammy Mall;Sri Lanka;Mills Group;GB42LSPW66453527302455;(935)369-4294;Janet Mclean;chernandez@example.org
173;149;East Shirley;10380;Kirk Glens;Guyana;Fisher, Walter and Sweeney;GB69KQVM63442232742129;6373399517;Stephanie Moore;alyssajohnson@example.org
174;40;Zimmermanfurt;45728;Crosby Knoll;Pitcairn Islands;Lopez, Byrd and Hoffman;GB02FUCY67181921889351;(921)308-9136;Joseph Diaz;mjohnson@example.net
175;182;Martinezview;76036;Armstrong Fields;Norfolk Island;Collins-Ramirez;GB42RNLC28303729105787;2267728927;Jennifer Perez;lori20@example.com
176;137;Deborahchester;12326;Victoria Turnpike;French Guiana;Thomas LLC;GB17RYEU76853508130830;(377)319-3932;Keith Steele;stephendawson@example.net
177;78;East Charles;38364;Michelle Neck;British Indian Ocean Territory (Chagos Archipelago);Jones Ltd;GB44GEOP03019317468689;(510)934-7246;Nicole Bell;andrewsdavid@example.org
178;185;Hornstad;45417;Long Plains;Maldives;Cole-Ellis;GB68WQQA50384113302822;7415345354;Lindsey Reyes;rossroger@example.com
179;47;New Zacharyberg;70618;Jennifer Garden;Haiti;Miller-Wright;GB75WLHT57965555938887;(661)305-2009;Alexandra Thomas;adamlewis@example.net
180;159;Leslieton;85985;Rich Islands;Libyan Arab Jamahiriya;Davis-Jones;GB32SSWC97821949836208;2959312403;Maria Williams;bcooke@example.com
181;30;West Richardborough;87187;Michael Path;Japan;Cantrell and Sons;GB56WFBI15545718356438;3693220058;Shelley Atkins;ortizkeith@example.net
182;162;Erikatown;81369;Everett Vista;Lebanon;Hudson-Cooper;GB48IZUQ08496713816929;291-443-1014;Julie Bryan;larsonjennifer@example.org
183;72;Mayton;12671;David Well;Sudan;Doyle, Ruiz and Jones;GB24TRCK90528388185292;388-854-4885;Shannon Romero;emily46@example.org
184;163;Lake Denise;64460;Gina Village;Germany;Mills Inc;GB62PULP29392872978375;(630)549-4837;Kimberly Phillips;charlotte00@example.com
185;34;East Mariaside;78436;Steven Pines;Papua New Guinea;Lambert and Sons;GB60UOFN59299205008650;(545)220-3614;Billy Mcdonald;christinebrown@example.com
186;186;Thomasborough;12464;Desiree Branch;South Africa;Wise, Nolan and Hall;GB57QGJS69799595404861;4076662573;Christina Bowers;maureen78@example.com
187;72;Virginialand;35502;Crawford Port;Cameroon;Carter-Moyer;GB22MMUU79591932713498;365-653-1715;Madison Newman;owebster@example.org
188;162;South Annaside;87311;Ryan Oval;Malawi;Richardson-Ballard;GB85CHLF52542088814222;604-555-6501;Melissa Bush;karinacooper@example.com
189;76;Grayville;99483;Tracey Summit;Trinidad and Tobago;Savage, Rogers and Jackson;GB44IAJV67527103455652;(674)343-3713;Kathryn Thomas;teresagriffith@example.org
190;32;East Williamside;67678;Lucas Stream;British Indian Ocean Territory (Chagos Archipelago);Mcclure, Long and Roberts;GB84UXHJ72796348934659;(738)681-3930;Jacqueline Greene;burchdaniel@example.net
191;39;West Mallory;75812;Ariana Oval;Hong Kong;Keith LLC;GB48PUWR07861267909003;(708)565-5088;Elizabeth Vargas;snguyen@example.org
192;28;East Laurieton;53084;William Vista;British Indian Ocean Territory (Chagos Archipelago);Brown-Barber;GB03KJMM52521677612201;830-841-3500;Christopher Salazar;danielgarcia@example.org
193;154;Port Timothy;30274;Randolph Drives;Seychelles;Barton, Cruz and Martinez;GB43WBSM46146883903710;(591)918-4303;Katherine Kim;davisbilly@example.net
194;138;West Davidbury;08674;Benjamin Pines;Puerto Rico;Sullivan Inc;GB30ZOHZ35631125967033;(847)668-3224;Michael Moore;brendawong@example.org
195;90;South Miguelbury;56082;Charles Port;Bermuda;Vincent, Vega and Rodriguez;GB36AGWS54015276622913;(339)249-9458;Jason Hernandez;jasonwood@example.org
196;47;Davidside;48323;Clark Fords;Bolivia;Perez LLC;GB71ZJZD53441016366909;878-348-7073;Patricia Nelson;gina66@example.com
197;176;East Priscillaview;14351;West Turnpike;Reunion;Moore-Garcia;GB07YTQB43546079720000;(456)252-7628;Richard Palmer;roger58@example.com
198;146;Lake Dennischester;17224;Sue Brooks;French Guiana;Dixon, Jackson and Reyes;GB22ADUT24505058748574;(578)554-5981;Dale Reyes;murraybarbara@example.org
199;86;North Nancyport;94645;John Fall;Egypt;Davis and Sons;GB72DSWH06165315644386;3153659136;Steven Warner;jennifer10@example.net
200;12;Meganstad;33976;Woods Hollow;Guinea;Chambers, Smith and Khan;GB72EEPE33700069583784;(238)943-7205;Thomas Wheeler;evanstheresa@example.com
201;39;Shawnchester;13432;Jessica Junctions;Mauritius;Cameron, Hicks and Briggs;GB98EGTQ26627184041788;9104926832;Dylan Pennington;davidpeterson@example.net
202;13;Lake Charles;69098;Green Walks;Antigua and Barbuda;Mcmillan PLC;GB55KLPZ83827372634235;(594)456-1245;Valerie Lawson;markmcknight@example.org
203;90;West Sarah;97121;Michelle Roads;Yemen;Johnson, Rogers and Baker;GB80IITE85656969798288;2465726796;Christina Rangel;christopherpalmer@example.net
204;70;West Beth;83917;Hall Grove;Montenegro;Boyer-Simmons;GB82PBGG14829332717901;(525)977-3349;Lisa Clark;rdelgado@example.org
205;146;West Amanda;65988;Armstrong Lake;Svalbard & Jan Mayen Islands;Jackson LLC;GB52YAYA61412604268181;3222146232;Louis Pineda;stephaniesmith@example.org
206;2;Kimberlychester;94092;Schmidt Flats;Brunei Darussalam;Hart Ltd;GB04ODDN92740068863979;(425)351-6048;Adrian Brown;randall28@example.org
207;149;Mikaylahaven;25379;Bell Crossroad;Mayotte;Jones, Thomas and Alvarado;GB50EQBD24632757950302;(791)857-4918;Jeremiah Jones;lisaallen@example.com
208;184;East Danielland;36470;Kim Summit;Uganda;Fitzpatrick-Hobbs;GB47WBVO28185141560659;375-858-0024;Shannon Douglas;joshua69@example.net
209;3;Jennaton;80254;Frank Trail;Lao People's Democratic Republic;Armstrong Ltd;GB56ADNK58593651877647;341-779-9332;Peter Jensen;fnelson@example.com
210;184;New Anthony;98783;Joseph Motorway;Bangladesh;Jones-Cole;GB77JVMI62167114498889;2916607999;Angela Baird;wjones@example.org
211;142;Moralesport;29156;John Islands;Spain;Weber-Garcia;GB04FLZK13440192364077;7012928664;Helen Blackburn;adamsandrew@example.com
212;86;Port Timothystad;28235;Crystal Overpass;Jamaica;Robinson, Brooks and Cunningham;GB51WNRF43016163436024;5967261370;Zachary Hardy;jacksonlori@example.net
213;14;East Michaelberg;42877;Campbell Crescent;Bulgaria;Mcintosh, Davidson and Long;GB53YVRK43720177661684;344-848-9076;Veronica Zimmerman;susannavarro@example.net
214;72;Port Teresaside;13945;Kimberly Canyon;Spain;Ferguson-Smith;GB81RRMP91202072042849;213-845-8924;Ian Kim;denise09@example.net
215;117;North Stephanie;66126;Jennifer Neck;Mayotte;Aguilar-Williams;GB87TLVV08437268261362;433-376-7635;Hector Clark;salinascindy@example.net
216;1;Lucasmouth;22355;Morrison Club;Northern Mariana Islands;Young LLC;GB04EJWR64746101679469;733-458-2210;Gina Pitts;clarkdouglas@example.net
217;139;Markstad;76508;Anthony Turnpike;Congo;Juarez, Nguyen and Mitchell;GB39KFPS48769190226091;5054057006;Dorothy Blackwell;ibuchanan@example.com
218;13;Powersville;23391;Jennifer Path;Dominican Republic;Jackson-Martinez;GB35FKGK32002749159504;268-335-8537;Denise Robinson;diana65@example.com
219;52;New Robertland;50779;Molina Mall;Montserrat;Duncan-Glass;GB28CLVK32717517677000;879-422-5415;Manuel Allen;wsmith@example.com
220;164;North Donald;73747;Chelsea Groves;Swaziland;Gallegos LLC;GB28GDIK13771182690071;4415402206;Stephanie Ellis;tateyolanda@example.com
221;83;North Nancyhaven;47719;Green Fall;Faroe Islands;Burton Ltd;GB89EENS60790120441564;(717)635-9686;Cory Porter;kevingraham@example.org
222;28;Andrewchester;42843;Keith Lodge;Serbia;Sweeney Group;GB23RKBT33852233317677;728-645-9098;Scott Ponce;tracy31@example.org
223;107;North Nicholasville;53414;Gonzalez Springs;Sweden;Carr-Oconnell;GB43UCKI45281644020584;(778)542-9511;Jessica Wilcox;leesherry@example.com
224;104;Port Denisemouth;44522;Gerald Parkway;Thailand;Boyd, Moore and Snyder;GB07YWIS61244229761894;487-538-2117;Jason Morse;stantonmaria@example.org
225;8;Lauraville;20326;Sarah Centers;Israel;Howard LLC;GB54XRNS44720239866902;(632)846-6770;Ashley Anderson;elizabethkerr@example.net
226;200;South Jeffreyhaven;69572;Richardson Wall;Bahrain;Love-Moreno;GB18IJRH83294193129681;(962)998-6656;Carl Johnson;zlane@example.com
227;112;Hoovermouth;87078;Johnson Parkway;Guyana;Miller-Greene;GB70IHYG49577937454970;3978276347;Amy Smith;jameslong@example.org
228;143;Lake Jessicaside;03043;Ward Knoll;Iraq;Marshall-Flores;GB12ZOUF69773628581521;833-929-3611;Claudia Medina;abigailadams@example.com
229;105;Zacharyland;25840;Megan Turnpike;Northern Mariana Islands;Carpenter Group;GB02OYCY76401249855872;(580)624-5948;Janice Cook;linda40@example.org
230;12;Lake Danielchester;52540;Berry Fields;Malaysia;Sanders LLC;GB05LZLY24093351254608;2448347873;Colin Gray;hamiltonjessica@example.com
231;147;Stephaniestad;80668;Obrien Rue;United Arab Emirates;Buckley LLC;GB68BRTI82304167899189;(662)386-8143;Michael Diaz;mcguiremargaret@example.net
232;88;North Amandaland;18966;Baxter Falls;Armenia;Doyle and Sons;GB31VHHO70194397690843;2336943163;David Kelly;fred72@example.org
233;147;Joshuamouth;20254;Melinda Causeway;Guadeloupe;Whitehead-Murphy;GB84NIFR36532312105896;4332730440;Daniel Baker;christophershelton@example.net
234;11;Transhire;28355;Franco Track;Cayman Islands;Conway, Jackson and Bray;GB94KJAH53309658261992;(414)764-9593;Jennifer Fisher;kristenbridges@example.net
235;99;East Jamesshire;71959;William Knoll;Isle of Man;Hill PLC;GB53OKDP91148203658517;(236)260-2003;William Simmons;waltercollins@example.org
236;87;Kevinburgh;82759;Christopher Bridge;Peru;Boyd, Reeves and Mahoney;GB21UWEJ26725522443615;(635)279-8982;Eric Green;qfitzpatrick@example.net
237;166;Julieside;41986;Pamela Shoals;Sierra Leone;Brooks Inc;GB89DHHX42725257393261;6358701318;Danielle Rivera;austin64@example.org
238;146;Tonyamouth;75231;Steve Wall;Saint Kitts and Nevis;Peck Group;GB37JYJZ87835806210571;(741)716-7852;Annette Dillon;ngraham@example.com
239;73;Theresamouth;34516;Benjamin Camp;Bermuda;Contreras Ltd;GB47VFUB69194771153955;(555)901-5391;Sherry Hansen;hrasmussen@example.org
240;138;South John;92680;Thomas Course;Heard Island and McDonald Islands;Carpenter, Murphy and Fernandez;GB70NLEN58597364832336;9187766908;Andrea Gibson;myersdaniel@example.net
241;2;New Sarahburgh;49918;Brittany Ramp;Paraguay;Robles, Bradley and Gomez;GB11PODE11831427952123;2352022028;Samantha Johnson;nicolefowler@example.org
242;49;Sheilastad;16723;Mary Mission;Isle of Man;Rojas LLC;GB28HOWH11410020406589;6585446295;Christian Phillips;kmiller@example.net
243;25;West Tracyshire;03028;Thomas Glens;Chad;Fields, Wheeler and Rodriguez;GB18EETY89740626503527;(776)670-0212;Samantha Barber;hermantimothy@example.com
244;127;Port Jamesmouth;67452;David Locks;Ukraine;Adams LLC;GB52QPXC73778925203771;571-300-5484;James Walker;vjones@example.org
245;167;Raymondfurt;70389;Joseph Route;Singapore;Martinez, Vega and Stevenson;GB52HCAJ63496471702152;(515)852-6995;Joseph Solomon;sheryl11@example.com
246;48;South Robert;97817;Russell Lock;Paraguay;Kelly, Rodriguez and Stevens;GB82FHRB22627846156206;307-263-0018;Gregory Jackson;krausecaitlin@example.com
247;6;Thompsonchester;76333;Freeman Lane;Nauru;Hunt PLC;GB85VDKT88779728281652;(897)304-5850;John Sanders;matthewsemma@example.net
248;22;East Roberthaven;54862;Wagner Underpass;Solomon Islands;Gomez-Scott;GB49BWHJ64932656352507;516-522-1099;Sandra Jackson;hbray@example.com
249;74;Elizabethland;98438;Jonathan Hills;El Salvador;Walker and Sons;GB16SKVJ24118177957657;(844)987-5548;Thomas Cook;marquezpaul@example.net
250;107;Garciaside;86278;Douglas Squares;Maldives;Reed, Ferguson and Pratt;GB29BSYM95457051646688;(755)922-3857;Matthew Bishop;lsosa@example.org
251;51;New Charleschester;35819;Morrison Ports;Gibraltar;Cruz Ltd;GB75BPXF55419690566251;719-868-6075;Suzanne Webster;tony01@example.net
252;20;Lambertville;81424;Whitney Estates;Algeria;Gould Ltd;GB27HMQG12522214568737;(749)633-3201;Michael Shields;thomasnathan@example.com
253;45;West Michael;99023;Hampton Estates;Bulgaria;Smith Ltd;GB88SQKO47892535999137;288-861-0459;Madison Nichols;laura34@example.net
254;157;Suzannefurt;19948;Barry Groves;Guatemala;Mcfarland-Reynolds;GB84MAGD21086485696433;(722)701-8544;Katherine Smith;josegregory@example.org
255;78;North Sharonport;29956;Robert Common;Vietnam;Wilson, Perkins and Patel;GB39DFAJ06428218612166;459-881-7558;Daniel White;scott45@example.org
256;13;Hillhaven;50725;Kristen Course;Argentina;Farrell Ltd;GB22WWES60053309436893;448-783-5982;Timothy Soto;ychapman@example.org
257;9;Davidview;54944;Burton Land;Greenland;Church, Mercado and Jackson;GB59WEQV86153283979135;8199320804;Melissa Roberts;patriciameyer@example.net
258;137;Gonzalezshire;88569;Tiffany Ranch;Pakistan;Boyd-Barnes;GB94WKKP37088077186887;(693)554-8282;William Yates;dawn79@example.com
259;89;East Jeremiahview;18456;Daniels Expressway;Ghana;Kelley, Hughes and Marquez;GB20AYSZ56170392511900;364-854-0115;Jonathan Shelton;thomasmiller@example.org
260;124;Port Vincent;86101;Roman Creek;Uruguay;Davis, Orozco and Bryant;GB62HMPF63394106895271;636-285-9945;Diana Jones;curtiskaren@example.com
261;172;New Jessicabury;28197;Blanchard Knoll;Chile;Robinson Ltd;GB07PBDS84867920020782;(804)560-8603;Jennifer Duncan;camachokevin@example.net
262;113;Wayneburgh;26243;Collins Wells;Ghana;Harvey-Bright;GB31FCJW00219204974861;7309806235;Patricia Webb;aaron41@example.com
263;132;South Jessicaville;44822;Perez River;North Macedonia;Barnes, Tucker and Quinn;GB80KHDY45095870542938;709-686-9707;Stacey Schneider;oking@example.net
264;134;Taylorstad;46357;Carpenter Heights;Iraq;Kelly, Young and Murray;GB44DCNI66013916486581;5215842106;Andrea Gilbert;hernandezpeter@example.com
265;99;Quinnhaven;64545;Brian Mount;Azerbaijan;Harper Inc;GB13IDKK89139667360499;2414210659;Raymond Mitchell;burtonteresa@example.org
266;148;North Amy;29576;Potter Flats;Lao People's Democratic Republic;Mcdowell-Adams;GB56VAXX05103017811784;778-728-1697;Susan Lowe;michael55@example.net
267;144;Lake Paul;13761;Fuller Hollow;Turks and Caicos Islands;Pearson PLC;GB15UOEF87401915353247;(257)899-6119;Cynthia Hanson;julia55@example.org
268;187;Starkmouth;53387;Elliott Common;Ukraine;White-Schmidt;GB62JBLU92100597883668;5604631467;Jenna Rice;knightnicholas@example.org
269;195;East Jaclynport;54806;William Shore;Suriname;Copeland-King;GB53YGDK58402926945793;957-380-5667;Kevin Martinez;odomlacey@example.org
270;4;Port Bradleyfurt;96862;Cain Lane;Romania;Aguilar-Rogers;GB11ASJY24217975742490;440-412-7321;Elizabeth Hernandez;jenniferbenson@example.net
271;36;Hensleymouth;99796;Flores River;Saint Martin;Torres-Richardson;GB98KIEA82296833489005;(656)289-5327;David Lewis;carsonchristopher@example.com
272;129;West Allison;63720;Charles Cliffs;Netherlands Antilles;Collier, Herrera and Wagner;GB64RNMA58415953996276;994-729-6849;Michael Flores;kennethrodriguez@example.net
273;119;South Aaronville;95032;Christina Spring;Portugal;Jones-Johnson;GB58FGTN62132268261966;9124847556;Nicholas Gomez;jennifer38@example.com
274;168;Amandaborough;02442;Garcia Run;Cape Verde;Andrews-Johnson;GB78GMKD19043877266728;419-621-7804;Kenneth Lloyd;mgibbs@example.com
275;176;Port Chris;58884;Farmer Canyon;Fiji;Lin, Jones and Adams;GB37QQEA16277091782108;9266346338;Christopher Townsend;agarcia@example.net
276;115;Lake Desireeshire;53924;John Mews;United States Minor Outlying Islands;Cook Inc;GB43OUMB70259274727458;(473)701-6804;Alexander Mendez;katiedoyle@example.net
277;84;West Ethan;08584;Hammond Oval;Iceland;Green and Sons;GB34ZYZO50503674860227;(918)605-4791;Gary Thompson;alex37@example.net
278;153;New Larry;72171;Prince Forest;Solomon Islands;Evans Group;GB09FWNY08174572642762;2777089990;Kristen Cole;dparker@example.com
279;168;Taylorport;86002;Powell Road;Papua New Guinea;Horton LLC;GB34DSQV45314973976975;9455115073;James Parker;ijones@example.net
280;27;New Reginabury;42675;Felicia Cliffs;Tuvalu;Lang, Chen and Taylor;GB66VWBU47809642125953;6457353481;John Marshall;ngolden@example.net
281;95;East Jefferyside;85929;Potter Estates;Syrian Arab Republic;Kelly-Hart;GB59XLPY32048183827068;(870)297-2782;Ryan Rodriguez;morrisoncarlos@example.net
282;169;New Joshua;95854;Karen Street;Mongolia;Torres-Burke;GB87ZTKR74668008771363;5065630844;Victoria Lee;haysjason@example.com
283;18;West Ashley;67150;Darlene Drive;Seychelles;Richardson, White and Welch;GB63BVCJ99536641155932;2649153377;John Riley;richardsonbruce@example.org
284;199;Port Christopher;00923;Bradley River;Guyana;Carpenter-Lee;GB23SOJV92780210057387;(321)573-4651;Connor Clark;lcollins@example.org
285;143;East Andrewstad;08945;Nathan Well;Ukraine;Lewis-Reese;GB82FKRQ76515811838622;(256)991-1321;Melissa Colon;marshallashley@example.net
286;18;Martinstad;03884;Smith Flat;Saint Pierre and Miquelon;Jordan-Morris;GB20GUBF57908253255378;(416)688-3212;Christopher Jackson;grimestina@example.com
287;18;East Laurastad;31179;Ramos Point;Singapore;West Inc;GB11UJDZ42591448914550;(264)919-5384;Damon Craig;joshuabruce@example.com
288;191;Leslieport;96109;Ray Curve;Nepal;Oliver, Solomon and Washington;GB11YYCP89666725477149;3257799522;Gregory Mueller;emma03@example.com
289;122;Port Angelaton;80615;Ramirez Stream;Dominica;Barrett Group;GB24UDZR51901033018136;806-255-8835;John Martinez;javier90@example.com
290;57;Caitlinville;85656;Shane Mountains;Peru;Cox-Graham;GB52FCGL86536030439617;868-385-3278;Jesus Hernandez;christianford@example.org
291;147;West Teresa;13448;Peter Cliffs;Jordan;Rosario, Cobb and Wright;GB68CLLE99236692002908;(396)981-8038;Luis Williams;sandradavis@example.org
292;164;South Austinmouth;40025;Blackburn Via;Saint Kitts and Nevis;Walker-Chandler;GB65DYDR80463788787870;854-721-8649;Chad Conway;kathleenwest@example.net
293;6;Charlestown;07702;David Mount;Congo;Watkins, Hughes and Aguirre;GB18LGZU26186844089650;(716)509-7329;David Young;valerie88@example.com
294;170;East Scott;15051;Brewer Lights;Kazakhstan;Ayers, Collins and Marsh;GB89GHDV54948357152042;5594708374;Martha Frost;shoffman@example.net
295;17;Elijahside;27462;Salinas Branch;Guernsey;Ward-Le;GB06HURT56458306777283;615-218-8244;Tina Rodriguez;bpope@example.com
296;175;North John;10049;Nathan Mountain;Monaco;Stevens-Hunter;GB42PHTX72016626324523;2898157857;Terri Jacobs;mcculloughkrystal@example.com
297;37;West Markview;28621;Lopez Alley;Indonesia;Murillo Group;GB70ITXU35604261876328;4912913538;Mark Simpson;brett17@example.com
298;93;Lewisport;77404;Nunez Locks;Jordan;Johnson-Jones;GB28RWBP09742305048127;2314979532;Andrew Murray;phillipsmark@example.net
299;75;New Jacqueline;12639;Thomas Oval;Sierra Leone;David Inc;GB36ASSE80130794783477;(459)883-6551;John Burnett;jessicakramer@example.org
300;47;New Jamieview;81994;Gutierrez Way;Moldova;Lopez, Stewart and Pierce;GB48EPAT32992674138410;4798278068;Tiffany Ruiz;wanda51@example.org
301;171;East Antoniotown;13340;Gardner Summit;Afghanistan;Williams-Byrd;GB90DXFD70149587891254;9309301732;James Wallace;derrickjackson@example.net
302;106;South Deborahville;86321;James Shoal;France;Price, Martinez and West;GB46UQVZ25848822653538;497-308-2140;Christopher Estes;karenfitzpatrick@example.org
303;167;Schwartzburgh;32128;Tara Burg;Anguilla;Sims, Trevino and Lawson;GB86RXOG25700445927086;684-511-2735;Paula Howell;russell31@example.org
304;122;Hernandezhaven;67475;Newton Radial;Korea;Hoover-Myers;GB09ZMOK03962338729736;5164947284;Heather Hunt;miguel28@example.org
305;171;North Joseph;45216;Renee Station;Saint Barthelemy;Schwartz, Roberts and Brown;GB82HQUQ13623756241490;233-232-4968;Megan Williams;stephanie91@example.org
306;27;Daviston;95074;Allison Bridge;Seychelles;Taylor-Baker;GB54ANET16025207194511;737-776-4904;Kristin Matthews;banderson@example.com
307;47;Nicolemouth;88682;Roberts Harbors;Colombia;Elliott-Villanueva;GB07FNSC19357443597516;332-332-9189;Mark Moore;chandlertimothy@example.com
308;173;Steventon;65605;Jenkins Gardens;Trinidad and Tobago;Ayers-Brown;GB43IEEI18208711629733;(298)433-2382;Jacob Jones;rowesamantha@example.com
309;86;Josestad;57356;Shields Trail;Ireland;Jones, Thompson and Clark;GB74PSUD22027298864180;9308500440;Joseph Lewis;webermichael@example.net
310;180;Robinsonchester;85420;Vincent Motorway;Macao;Hernandez, Brown and Durham;GB88LXHN25038874295366;967-750-4943;Andrew Castro;qbrown@example.org
311;179;North Brian;51453;Sheila Hills;El Salvador;Holloway PLC;GB60YZDA87261157430748;270-221-0436;Brian Wilson;josephprice@example.org
312;11;South Jamie;05686;Mcbride Spur;Germany;Douglas-Kelley;GB49JAWH21119616725175;545-861-5650;Vanessa Gallegos;timothy74@example.org
313;123;New Sarahside;58773;Tanner Locks;Lesotho;David, Nichols and Hernandez;GB71EFXT66400608347887;526-468-2190;Andre Brown;christine62@example.com
314;5;Port Meredithmouth;65681;Friedman Keys;Egypt;Hill, Arnold and Copeland;GB50EIDI87751017708978;681-288-3956;Summer Caldwell;larry68@example.net
315;23;North Elizabeth;29110;Lee Burgs;Rwanda;Walker PLC;GB71YLYM07904772802985;686-321-8603;Theresa Howard;rebeccaperez@example.org
316;196;Livingstonton;32489;Mia Pine;Ethiopia;Butler, Hensley and Ryan;GB24KUCD50181814404465;(827)944-7553;Garrett Olsen;benjaminwilliams@example.org
317;104;Lake Lauren;19230;David Summit;Suriname;Massey Ltd;GB48YEWV16139914621016;(239)548-9458;Benjamin Estrada;thomastaylor@example.net
318;131;Andrewshire;59481;Spencer Points;Tajikistan;Robinson-Kelly;GB02JTBD30782711205878;7447745821;Tiffany Ford;schmittmark@example.net
319;15;South Sarah;32016;Samantha Land;Ukraine;Baxter, Peterson and Aguirre;GB82YMWU31016434243190;(476)414-2457;Michael Mayo;pcarter@example.net
320;152;Lake Marcberg;20077;Moody Underpass;Norfolk Island;Mcbride-Macias;GB07WEUX92801601531117;6444514347;Ian Hoover;thomasjohnston@example.org
321;76;Johnville;29378;Robert Ford;Nepal;Moore, Lester and Orozco;GB81LFSW64927019777082;8162247815;Rachel Andrade;parksjessica@example.net
322;23;Duncanfort;08115;Garcia Meadows;Uzbekistan;White, Marshall and Gutierrez;GB17XHIS70017383793877;(736)851-5407;Teresa Barnett;ohanson@example.org
323;180;Marquezland;82908;Keller Forest;Brunei Darussalam;Ruiz PLC;GB47QJKX69894243085480;832-744-9390;Patricia Snow;morgannathan@example.org
324;86;Paulfurt;66739;William Loaf;Central African Republic;Jackson LLC;GB30JSGT17111059561496;5323660123;Katherine Lane;longkyle@example.com
325;35;Richardmouth;42215;Jennifer Brooks;Montserrat;Hawkins, Gonzales and Brown;GB84RPHA80616642779037;(251)935-4360;Kristina Vaughn;susanstanton@example.com
326;199;East Phillipmouth;89881;Fernandez Hollow;Antarctica (the territory South of 60 deg S);Johnson, Cox and Castaneda;GB90NQHF18988952816239;6954361798;Bryan Garcia;shelly57@example.net
327;185;New Lisahaven;40537;Haley Trace;Svalbard & Jan Mayen Islands;Gonzalez-Jordan;GB25AREI00684930899772;(721)852-7832;Katelyn Evans;natalie21@example.net
328;136;North Patriciatown;73808;Sarah Mountain;Saudi Arabia;Gomez, Drake and Perez;GB96CCHS16391687362081;(879)540-9650;Marco Black;abaker@example.com
329;113;Phyllisside;14072;Brown Ford;Guinea;Bernard PLC;GB24IKGB02043399460031;(532)537-7327;Nicholas Nelson;leonedward@example.net
330;21;West Josephside;59555;Daniel Rest;Gibraltar;Hines and Sons;GB05JESM62597900308132;2647532526;Sara Sherman;asmith@example.net
331;94;New Catherineside;61632;Austin Springs;Tuvalu;Morse-Cortez;GB95MWDJ74711811906853;2604524651;Laura Myers;yromero@example.org
332;54;Caldwellbury;11902;Morris Knolls;Cuba;Brown Inc;GB05VNBQ99951009893066;731-242-3728;Patty Poole;williamsmallory@example.com
333;32;North Alexanderland;45931;Tracy Light;Sri Lanka;Johnson, Lewis and Mcdonald;GB33CNKE93144110157297;(880)286-4029;Laura Moore;david50@example.com
334;84;Jimenezshire;01811;Warren Pine;Bulgaria;Brown-Edwards;GB76WLXI38765359171816;580-815-9266;Christian Rowe;kennethbecker@example.org
335;194;East Donaldburgh;30378;Johnson Summit;South Africa;Perkins Group;GB07NYCR45809727740594;794-760-7255;Tracy Merritt;marissathomas@example.org
336;172;Elizabethchester;57891;Kimberly Dam;Lao People's Democratic Republic;Taylor, Ortiz and Morris;GB25CMMD35563320197382;5603781768;Cynthia West;robertrangel@example.com
337;92;New David;15104;Sherry Trafficway;Cameroon;Cook-Mcclain;GB19IYWW82854992454290;6523236580;Amy Blake;hopkinsjohn@example.net
338;122;New Rossport;03054;Jonathan Mill;French Southern Territories;Harper Inc;GB75OJBV12517020273636;(314)872-4806;Adam Golden;georgewest@example.org
339;174;New Sherryville;78984;Myers Roads;Uganda;Baxter LLC;GB65KCOJ79905572036117;(676)476-5669;Lindsey Smith;wolfbrian@example.org
340;106;Clarkstad;45014;Laura Stravenue;Mauritius;Vargas-Edwards;GB67HFEQ74143996063020;6269082192;Dalton Parker;katherine09@example.net
341;5;Kennethmouth;12478;Ethan Parkway;Antigua and Barbuda;Wong, Rosales and Gutierrez;GB56LUXW03477220433305;997-235-3409;Katherine Dawson;garciadale@example.com
342;165;Lake Nathanielmouth;03037;David Locks;Heard Island and McDonald Islands;Parker, Thomas and Armstrong;GB83LVQE34083421786536;(960)772-6417;James Griffin;robert25@example.net
343;135;Rebeccashire;46855;Cordova Field;Oman;Scott LLC;GB20DKTB88393900697558;7052433745;Penny Black;tnelson@example.org
344;115;Robinsonstad;84151;Porter Mall;Netherlands;Andrews LLC;GB46MNUN88885821138255;3193900843;Hailey Chandler;agarner@example.org
345;168;Port Tinatown;94523;Stephen Harbors;French Southern Territories;Bennett, Cisneros and King;GB30HJKD77670809584807;7334570678;Michael Cabrera;brittneymays@example.org
346;105;Fieldsstad;63233;Buchanan Wells;Peru;Nixon, Hudson and Clark;GB88AVKH46883487771072;222-660-1301;Lee Morgan;lauren36@example.net
347;19;West Abigail;52772;Miller Locks;Papua New Guinea;Robinson, Dixon and Bowman;GB69COIR09524994003030;2139452838;Kevin Johnson;christophermueller@example.com
348;196;Timothytown;71999;Samantha Turnpike;Kazakhstan;Wilson, Huang and Cox;GB18DAGB95761406471913;2788390551;Samuel Johnson;richardlong@example.net
349;200;New Kristinberg;07900;Pearson Neck;Cambodia;James-Lindsey;GB38TZZK04562213339957;(218)757-2624;Tiffany Davis;timothy87@example.org
350;23;Gonzalezview;34833;Martin Mill;Pitcairn Islands;Chavez, Faulkner and Alvarez;GB60XBTT72242039651753;5156782582;Steven Cox;kristophermedina@example.net
351;68;North Kristina;44669;April Roads;Canada;Moore, Rhodes and Huynh;GB77SLBC48838965878630;9288883613;Veronica Ward;david44@example.com
352;115;Robertchester;40947;Randolph Throughway;Saint Martin;Jones, Henderson and Garcia;GB22WOQY29381662820154;(760)597-4790;Jeremy Hurley;lynchsean@example.org
353;153;Millerburgh;78189;Jennifer Viaduct;Tuvalu;Simmons-Santiago;GB70NPCZ84671759537239;(669)632-8805;Cynthia Higgins;xharrison@example.net
354;164;North Barbara;02204;Kim River;Dominica;Burns-Sweeney;GB85UHLG07896542512712;387-693-2004;Ashley Santiago;mcdonaldelizabeth@example.org
355;85;Lake Stephen;72613;Shannon Field;Guatemala;Diaz-Jones;GB32DCKH45245783780124;(772)372-5947;Jeremy Cisneros;jill52@example.com
356;32;Powersside;03348;Jesse Trail;Wallis and Futuna;Smith Ltd;GB03CPIP00758007918494;424-698-3328;Ashley Juarez;patrick75@example.com
357;161;North Denise;21830;Ware Lock;Denmark;Sanders, Underwood and Montgomery;GB87OUFR75548097610181;(407)354-5140;Randy Barrera;deborahmartinez@example.net
358;129;New Matthewburgh;72420;Austin Common;South Africa;Kim-Christensen;GB04IAOH71504699188900;(395)841-1217;Derek Coleman;shawnacruz@example.com
359;60;South John;17306;Brandon Overpass;Korea;Rose Inc;GB24SOLS19974957028663;(722)731-7532;Jeff Wright;ryanbrewer@example.com
360;200;Lake Steven;74680;Bell Islands;Guam;Moon, Ferguson and Perez;GB98EWWM40974689015712;(960)780-9583;Lisa Wallace;nicole23@example.org
361;114;Port Connieberg;39039;Jeffery Forks;Palau;Perez Ltd;GB96LBFX09388261006860;8588980702;Joanne Harris;kjones@example.net
362;10;Mannfurt;62507;Sanchez Crossing;Thailand;Nguyen-Cobb;GB97DTAE57125672739107;(844)369-2276;Mary Bernard;jesse88@example.com
363;36;Lake Courtney;86398;Alexander Plaza;Latvia;May, Finley and Torres;GB45JDRX95838740762691;(442)946-6594;Joel Ruiz;hernandezcharles@example.org
364;46;West Carla;09581;Hudson Highway;Thailand;Garcia-Zavala;GB37QLFE74786237881224;2147502950;Katherine Green;ydavis@example.com
365;129;Adamsshire;62211;Heather Keys;Falkland Islands (Malvinas);Carter-Watson;GB86KDXG55851868399089;389-231-8431;Timothy Allen;jennifer33@example.org
366;190;Jasmineton;00880;Henderson Harbors;Saint Helena;Reed, Torres and Hunter;GB31VUEH12470139334444;4544543845;Susan Brown;williamgarcia@example.net
367;123;East Ericaberg;62081;Ashley Drive;Togo;Ross-Boone;GB68NQMY27834956158941;(583)498-8745;William Campbell;johnsonjose@example.org
368;96;Millerberg;85312;Brendan Shores;Guinea-Bissau;Martin, Bradley and Ellison;GB93ZQZD50243134317400;(524)493-2707;Carolyn Villarreal;richardbrock@example.com
369;23;Shellyhaven;79944;Kimberly Ports;Tuvalu;Holmes, Ramsey and Ruiz;GB21DCAA45841786168298;588-650-6908;Bruce Pierce;karenrussell@example.com
370;14;Tylerfurt;52820;Curtis Fords;Greenland;Mills-Nguyen;GB45EWPL98142436635252;9514063288;Steven Melendez;martinezraymond@example.org
371;158;New Mitchell;35743;Amanda Spurs;Guadeloupe;Ward, Bowen and Hernandez;GB87BJTL40737679434029;237-320-6441;Patricia Gonzalez;armstrongkatherine@example.com
372;200;Katherinehaven;69057;Jimenez Forges;Pitcairn Islands;Kelley-Ellis;GB09WJDM60114192667408;(743)432-2457;Aaron Nichols;tonymiller@example.org
373;106;New Christinaville;32446;Schmidt Stravenue;United Kingdom;Perry PLC;GB65LMLH15703938999618;(680)307-0801;Kelly Miranda;troy19@example.net
374;42;Port Nancy;65672;Anderson Flats;Portugal;Taylor, Allen and May;GB66RJPD15494432389176;(829)577-7698;Eric Garcia;nathanwright@example.com
375;177;East Barbaraland;21285;Timothy Park;Belize;Lewis-Wells;GB54GONJ39518362054295;5412148928;Gina Farrell;davidritter@example.com
376;37;Josephburgh;22829;Megan Road;Finland;Miller-Johnson;GB97EHYA67282689291761;878-433-8080;Judith Nichols;pjoseph@example.net
377;90;Connerborough;09688;Rollins Squares;American Samoa;Weaver, Evans and Kelley;GB59IIDW58341094269946;965-900-3332;Andrea Moore;roger10@example.net
378;185;Smithview;49829;Ortiz Field;Micronesia;Bennett PLC;GB64QEKJ78792287661558;3692558151;Timothy Collins;millerbrittney@example.org
379;72;Rodgersstad;89790;Franklin Overpass;Norway;Jordan-Kennedy;GB07YAFC69408434505637;3739297530;Beth Hansen;ramirezkatie@example.com
380;91;North Ericfort;55045;John River;Korea;Rodriguez-Cummings;GB90MJFV75899410701429;460-555-1455;Amber Davis;jenniferbrown@example.com
381;178;Jayhaven;01644;Hicks Mews;Finland;Collier, Jones and Delacruz;GB08VJDE77382144080652;400-701-2819;Donna Jenkins;mikewarner@example.org
382;71;North Joseph;92640;Harrison Fall;Uzbekistan;Perez, Reynolds and Hayes;GB56BIOB10136338049654;959-929-0882;Lauren Harvey;ymolina@example.net
383;64;Jacksonmouth;89228;Wright Terrace;Comoros;Khan-Gomez;GB63GJIS63748847816541;843-356-7316;Samuel Hays;phillipseric@example.com
384;6;Robertchester;69251;Debra Burg;Andorra;Mills Inc;GB67EFBB91437353659719;3536236466;Alisha Jones;pbutler@example.com
385;36;Jonesburgh;52895;Francisco Club;Pitcairn Islands;Davidson Group;GB39JTQT81323937472773;(922)807-2559;Taylor Ward;randy04@example.com
386;76;Maryfort;48663;Tiffany Common;Libyan Arab Jamahiriya;Murphy PLC;GB60MVWH27076239317227;(735)793-2698;Mary Ellis;jessicaweaver@example.net
387;148;Port Matthew;92199;Johnson Circles;Nauru;Rice and Sons;GB24GJAQ39180451220586;7392273416;Daniel Chen;gonzalezjohn@example.com
388;79;North Melissa;03030;Garcia Lake;Iceland;Walter-Robertson;GB83PXGN86910520080026;984-917-0861;Jill Rodriguez;manderson@example.com
389;76;Ryanmouth;05667;Kimberly Ports;Guadeloupe;Davis and Sons;GB31USPW99289125789263;635-408-7480;Jon Davis;abigail32@example.org
390;170;Nicholasburgh;30304;Morales Overpass;Singapore;White PLC;GB48YNDM11091564677337;(970)972-3426;Suzanne Baker;oramos@example.net
391;9;West Anthonyton;41678;Joshua Rapids;Mexico;Martin and Sons;GB65AXZB19875945699424;(316)722-7613;Jason Boyd;fmay@example.org
392;121;New Gregbury;79604;Robert Route;Holy See (Vatican City State);Torres-Johnson;GB65DLFN21887948957241;928-415-0293;Marissa Harris;zwest@example.net
393;99;Grantport;91346;Benjamin Canyon;Kuwait;Moore Group;GB71HWDC15892907710747;(707)990-3719;Joel Roberts;scott13@example.net
394;97;New Brookeburgh;70157;Cheryl Ridge;Ethiopia;Moore, Smith and Guerrero;GB87WEQO54504343376803;554-270-4775;Rebecca Underwood;tayala@example.net
395;73;Christensenmouth;67377;James Centers;Congo;Black-Torres;GB59KUIS10482165787832;988-431-5689;Dillon Parrish;halegina@example.com
396;176;Port Danielshire;40446;April Springs;Malawi;Schultz LLC;GB27OQTR61441945122517;(958)477-2984;Mary Flores;aholmes@example.com
397;25;Danielletown;06138;Warren Knoll;Bosnia and Herzegovina;Anderson-Robbins;GB21HVOT84638670074651;5028005958;Adam Bowen;horntyler@example.com
398;97;West Tara;24553;Leslie Underpass;Saint Barthelemy;Nelson-Stone;GB12GETT59162058810193;6833588341;Pamela Morrow;johnny02@example.com
399;68;Timothyside;04414;Sophia Islands;Nicaragua;Baker-Ortiz;GB89OPAY89020490416865;303-228-2580;David Greene;gfischer@example.com
400;48;East Tracy;04692;Powell Walk;French Polynesia;Ryan-Leon;GB25ZGVI57657929489537;(346)581-1424;Cindy Steele;deborahsmith@example.net
401;96;East Shawnhaven;94258;James Light;Saint Lucia;Day, Wilson and Bolton;GB51HZLF15107717916993;674-896-3082;Toni Hampton;dkelly@example.net
402;24;West Jessicabury;03948;Herring Turnpike;Aruba;Park-Smith;GB29FKOJ60953280755309;(657)877-8321;Jeff Miller;lcraig@example.net
403;105;Port Miguel;70772;Paul Plains;South Georgia and the South Sandwich Islands;James, Brown and Rice;GB70DALN28452542282626;(888)474-0660;Charlotte Leonard;stephanieholmes@example.net
404;103;Garciashire;24066;Christine Shore;Guinea;Murphy, Chavez and Parrish;GB37FAMJ15001536519172;9424418268;Michael Carpenter;agriffin@example.net
405;41;North Sean;79376;Gwendolyn Vista;Moldova;Ingram, Sanchez and Gonzalez;GB21LUNY81636202796751;2396396760;Danielle Lopez;emily49@example.net
406;86;Bensonfurt;02130;Marissa River;Colombia;Lyons, Harper and Smith;GB93RZPW28154077534988;330-225-2675;Joan Smith;jonathanjohnson@example.org
407;154;Danielstad;47093;Bowers Viaduct;Uruguay;Lopez-Roy;GB63HJXA34193741538004;7914746225;Joseph Mckee;hbrowning@example.org
408;44;New Garytown;01970;Wilson Station;South Georgia and the South Sandwich Islands;Sanchez, Stokes and Martinez;GB94KGPU06205857218376;(999)737-9411;Michael Castillo;pachecomichael@example.org
409;157;Leahtown;45517;Steele Mountain;Chad;Davis, Jones and Whitney;GB80PSJH41197706140151;640-608-4155;Daniel Hernandez;lesterkimberly@example.org
410;37;North Johnview;90791;Jenkins Vista;Egypt;Dennis-Rios;GB08QHJH90954413355361;4168505417;Clinton Horn;wmanning@example.net
411;167;Markmouth;35738;David Vista;Guyana;Pratt-Alexander;GB79ZOMT36526362579742;2469485122;Sierra Gomez;younggeoffrey@example.net
412;5;Jeanton;37464;Waller Junctions;Niue;Lucas and Sons;GB55ONJM44698073390924;2803385152;Kevin Barton;qcampbell@example.com
413;161;Lewisland;97838;Blankenship Ramp;British Virgin Islands;Anderson Group;GB75VSDM58710907035778;(523)319-0920;Amanda Todd;ntownsend@example.org
414;161;Port James;46708;James Motorway;Bolivia;Turner-Smith;GB56EZHT95069501042872;545-755-6508;Nicole Lopez;fernandezcatherine@example.com
415;155;East David;50285;Gay Road;Svalbard & Jan Mayen Islands;Henderson LLC;GB19OVPY14337490399642;6863995769;Karen Bishop;kserrano@example.org
416;104;Hendrickshaven;48470;Linda Throughway;Taiwan;Kelley-Schmitt;GB78VIUU20962630574588;(539)516-7085;Tiffany Ferguson;blackmonica@example.net
417;181;Lake Brandonborough;47517;Hopkins Ways;Cameroon;Rivera LLC;GB06LOSC08653169734862;(917)755-9541;David Hansen;laurensmith@example.org
418;101;West Michaelberg;16638;Vanessa Forge;Haiti;Roman-Hernandez;GB27POVO37537049526674;(517)955-4919;Matthew Johnson;singhvictoria@example.org
419;41;South Lawrence;40782;Justin Street;Comoros;Brown-Hendrix;GB96TLCK99511405910535;734-680-4122;Bryan Shelton;justinhatfield@example.org
420;65;New Jennifer;49024;Robert Freeway;Saint Lucia;Lawrence-Johnson;GB79YAHB36355656816590;653-669-2084;Kenneth Payne;wardjose@example.org
421;73;Watsonborough;39778;Oscar Green;Solomon Islands;Ewing LLC;GB76FQFW87819692687874;689-768-1443;Heather Riggs;stewartbrittney@example.org
422;92;Whitechester;98796;Jones Mall;Maldives;Guerra, Cook and Harris;GB40CCAI61078233733806;321-471-7565;Candace Greer;woodmary@example.net
423;10;North Ethanbury;30696;Williams Spurs;Guadeloupe;Erickson and Sons;GB38OOSY76119241637073;839-793-4670;Bryan Joyce;orobinson@example.org
424;55;Robertsonside;53955;Anthony Points;Zimbabwe;Sosa-Knight;GB23ALSN53234607590004;5569342910;Donna Richards;hartjustin@example.org
425;145;Lake Christine;73471;Sarah Stravenue;Montenegro;Johnson and Sons;GB23HLSC76875902028577;6268674601;April Jones;valentineamy@example.net
426;84;Port Chris;03878;Jones Lodge;Puerto Rico;Johnson, Zimmerman and Soto;GB60CMZN00467468998818;387-836-2832;Melissa Lopez;peterdickerson@example.net
427;142;Lake Ashleytown;07346;Collier Branch;Bouvet Island (Bouvetoya);Smith-Figueroa;GB62HCMH76351769034476;(512)857-1743;Timothy Dudley;schroederjodi@example.net
428;85;New Dawnchester;53468;Gilbert Hill;Pitcairn Islands;Lowe, Cohen and Crawford;GB02CRHW24525230985656;442-872-8055;Stacy Quinn;jessicarodriguez@example.org
429;179;Jenniferstad;52620;Watson Dale;Benin;Morton Group;GB25XKZX76617697848814;655-591-4770;James Patel;ofisher@example.com
430;183;Reyesview;97435;Cook Pines;Morocco;Miller, Clark and Hill;GB75UKPR02531412363646;(376)608-1582;Randy Rose;millerann@example.com
431;176;Bryanview;89011;Charles Roads;Northern Mariana Islands;Hayes, Vargas and Werner;GB05TSNB61939967354869;(691)359-7300;Rebecca Case;paulayang@example.com
432;91;North Matthew;93718;Michael Rest;Denmark;Banks LLC;GB06CSZD53469879624452;670-848-5298;Stacey Henry;sandyalexander@example.org
433;149;Olsonberg;48006;Moore Union;Saint Lucia;Gardner and Sons;GB38YXDN20634797475510;922-586-6204;Susan Lucero;loriturner@example.net
434;195;East Todd;12081;Glenda Road;Hungary;Phillips-Bass;GB02SIAT26278692675089;2468405527;Jonathan Parker;jimenezkimberly@example.org
435;47;New Denise;26187;Bradley Alley;Taiwan;Sullivan Inc;GB65VJPE62051251276759;3079239115;Kristen Sanchez;michealgarcia@example.net
436;21;Thomasmouth;38794;Cindy Forges;Eritrea;Martinez, Rodriguez and Cole;GB15HPQZ39634901291190;640-775-0133;Alexandra Parker;robert55@example.com
437;101;Hernandezbury;44774;Kevin Drive;Sierra Leone;Johnson Ltd;GB82GVWJ47616728287995;866-548-5392;Theodore James;alejandranorton@example.com
438;182;Lauratown;50953;Howell Road;Malawi;Macias-Hall;GB65NXTQ37057064652915;(632)394-9318;Jason Oliver;carlrivas@example.org
439;54;Michaelburgh;96646;Baker Bypass;Solomon Islands;Perkins-Mitchell;GB14GTEE35403410694818;(434)948-0014;Jeffrey Phillips;otaylor@example.net
440;38;Lake David;50120;Harding Terrace;Saint Helena;King-Alexander;GB28PLTH08582577130708;(624)290-4801;Gregory Larson;john70@example.net
441;58;North Dawn;66397;Geoffrey Ports;Algeria;Bell PLC;GB89XZHV02271677875290;9266065923;Drew Beasley;amber07@example.net
442;109;North Ryan;97228;Small Hills;Azerbaijan;Andrews-Young;GB48AZOK28650613387576;(924)908-6026;Robert Mcgee;tcontreras@example.com
443;4;North Marco;12579;Reid Valley;Dominica;Lewis Group;GB05QJYK45892212762021;795-936-3060;Tina Weaver;elizabethgraves@example.net
444;62;North Jennifer;80723;Griffin Locks;Kyrgyz Republic;Benson LLC;GB88ZXBM16892167654842;(388)886-0687;Brandon Austin;nwilliams@example.org
445;66;Zimmermanside;70956;Mcpherson Ports;Vietnam;Gibbs, Murphy and Thomas;GB57WRIS58280380283171;708-475-4563;Cheryl Novak;sgutierrez@example.com
446;58;West Jonathan;76283;Li Tunnel;Madagascar;Anderson-Lin;GB71GGLT06324018673811;6629052545;Benjamin Sims;tinabest@example.net
447;48;Maryborough;21055;Richard Fort;Morocco;Adkins Inc;GB29JSRJ42934100347014;431-717-2739;Regina Taylor;sara25@example.org
448;105;Christopherborough;89414;Robert Lane;Uganda;Hanson-Aguilar;GB59XRKC11024136459247;916-473-0664;Douglas Williams;williamgutierrez@example.com
449;7;Port Christopherborough;55324;Harvey Causeway;Germany;Molina-Ortega;GB70BAPZ78907183357322;5147191103;Katherine Jones;grant75@example.com
450;188;Coxside;85825;Martinez Ville;Anguilla;Hunt Group;GB42FJOV94489879501007;7835475613;Jennifer Holmes;grahamjimmy@example.com
451;123;Josephborough;68461;Wu Extensions;American Samoa;Ortiz-Norman;GB33GJCI03589195636316;389-733-6572;Megan Hart;williamhoffman@example.com
452;98;Charlesshire;79861;Stephenson Walks;Liberia;Bauer-Cruz;GB71IHQL94881812822526;750-708-1272;James Thornton;traci98@example.org
453;62;South Donaldville;80529;Brittany Shoal;Turkmenistan;Burton Ltd;GB22HKIB37306729237296;9595307381;Craig Anderson;arthurthomas@example.net
454;128;East Joshua;64569;Martha Haven;Malta;Porter-King;GB04MCEI92116053536256;(238)389-9140;Stephanie Floyd;ronaldmoss@example.net
455;188;Millerville;00755;Patricia Via;Reunion;Tapia and Sons;GB56OUOQ99815149222095;573-340-9805;Patricia Cisneros;matakyle@example.com
456;30;Port Aliciaborough;35367;John Path;Lao People's Democratic Republic;Johns Group;GB60GWFL68197276361695;5358270748;Jim Brown;billypope@example.org
457;81;Martintown;99175;Sandra Camp;Montenegro;Jimenez, Moore and Johnson;GB17SYUX70356537773029;(572)577-0227;David Jones;zachary61@example.com
458;164;West Jennifer;23016;Debra Parkway;Italy;Blake, Reese and Ellis;GB38IIZG70026262851368;7428413057;Patrick Martin;tammylucero@example.org
459;48;East Charlesside;77094;Tyler Mall;Faroe Islands;Campbell, Harris and Johnson;GB36NNGO50348893063592;2677960797;Frederick Hodge;mary44@example.org
460;49;Boothport;68556;John Villages;Australia;Miller-Harris;GB67YXWA51001378269880;915-200-1337;John Johnson;nguyenjeffrey@example.org
461;147;East Richard;81724;Sheryl Street;Netherlands;Scott LLC;GB20HDZX37219489803214;(292)578-7023;David Patterson;melvin31@example.org
462;58;North Jocelyn;28618;Kimberly Lodge;Jordan;Brady, Ferguson and Gregory;GB23JSWN90561805017553;(776)375-7529;Steven Lynch;laura97@example.org
463;22;Lake Hannahtown;66783;Sonya Harbors;Tonga;Lane-Perez;GB48ZPFA21479930792152;(358)226-8327;Anthony Mcmahon;robertbishop@example.net
464;82;Joshuamouth;15049;Michael Valleys;Germany;Perez-Snyder;GB83ZMMW67592205397774;5347455459;Teresa Brown;vreyes@example.net
465;151;Port Johnmouth;32519;Dillon Rue;Venezuela;Martinez LLC;GB05WUSL55654748805744;3222294371;Jessica Cortez;jennifer05@example.net
466;198;Donnashire;25226;Steven Motorway;Romania;Hodges and Sons;GB31BNXX29368813382262;(333)892-0672;Morgan Hill;goodbrian@example.net
467;119;Watsonfort;39639;Parks Lodge;Monaco;Dorsey, Williams and Dunn;GB49MCGU49904673581671;7949555852;Aimee Clark;beckerdiana@example.com
468;86;Washingtonmouth;03690;Andrea Wells;Nicaragua;Richard, Thomas and Osborne;GB07BHJV58237256104067;5826215016;Mary Johnson;hmoore@example.com
469;112;Thorntonville;51746;Malone Throughway;Cote d'Ivoire;Bentley-Gibson;GB96ZLLX34710129504125;889-732-2702;Kathryn Herman;amandaoneal@example.org
470;22;Brianborough;52540;Philip Port;Botswana;Howell PLC;GB34OTAG54401095487851;4576417465;Andre Griffin;alexisnelson@example.net
471;1;Samanthaport;05413;Megan Vista;Norway;Lee-Russell;GB75BHCG83688359804544;556-419-0096;Elizabeth Taylor;donna21@example.com
472;124;Lake Kayla;89809;Warren Lodge;Poland;Smith-Arnold;GB78LLSC74253842238149;410-631-8778;Jamie Hicks;lmercer@example.com
473;94;East Marcus;22595;Jones Trail;Mozambique;Thomas, Flores and Harris;GB98FJAB85698983765712;7417497612;Amber Nguyen;gclark@example.org
474;183;Alyssaborough;68461;Kathy Wells;Cameroon;Fuller Inc;GB69DVZR81659786036924;609-578-7829;Manuel Smith;sydney96@example.net
475;65;East Mckenzieshire;47131;Kristy Mountains;Argentina;Sanders, Cardenas and Walsh;GB42NQWJ17727655565863;886-243-7391;Jesse Best;oking@example.org
476;54;Dominicmouth;81203;Ward Gateway;Saint Helena;Malone-Moore;GB66UOLS83657841300953;7933281039;Rebecca Contreras;sosborne@example.net
477;76;North Matthewfurt;89842;Caldwell Islands;Palau;Chang LLC;GB27PRNH02898979934639;389-551-8658;Jamie Robinson;robersonamanda@example.org
478;100;Kimberlyport;68187;Mary Greens;United States Minor Outlying Islands;Hopkins-Wagner;GB13HWRI20988725238160;(326)886-9547;Melissa Roberts;robert99@example.com
479;160;North Perryhaven;12063;Graham Club;Malawi;Garcia-Gonzalez;GB87WPFJ83577277018340;818-360-3495;Kelly Holden;jeffreymays@example.net
480;157;North Amandaburgh;19212;Roth Court;British Indian Ocean Territory (Chagos Archipelago);Hammond Ltd;GB31EHSM27742592015884;7896399560;Michelle Johnston;hclark@example.com
481;112;Virginiaberg;60223;Heath Coves;Saint Vincent and the Grenadines;Stanton LLC;GB13FSAN96749956095532;3804027850;Jeremiah Carpenter;tylerhuang@example.net
482;27;Lewisview;37349;Griffith Prairie;Lithuania;Robinson, Delgado and Kramer;GB55IZVM08578199498049;556-537-9684;Mark Williams;torressabrina@example.net
483;111;East Jasonborough;80919;Turner Courts;Bahrain;Pennington Inc;GB94KFSM48584816623476;3857842446;Katherine Martinez;odonnellvincent@example.org
484;92;East Karen;99399;Rebecca Street;Benin;Carr Inc;GB89TMFA82498610542923;(671)956-0870;Curtis White;austinross@example.net
485;145;Martinezbury;60838;Nicholas Dam;Nauru;Higgins LLC;GB23QEGS92525133826505;(761)960-8363;Yvette Whitaker;markmorgan@example.com
486;7;South Rachel;76593;Anthony Street;Iraq;Fry, Alexander and Jackson;GB78IQUF49118177140088;(858)392-3624;Oscar Johnson;brownomar@example.com
487;39;South Katherinefort;08433;Stacy Extension;Saudi Arabia;Maldonado, Burke and Ryan;GB68MICB74153256392068;(401)590-3127;Kaitlyn Hicks;stephenshaw@example.com
488;153;Carrollbury;08247;Michelle Turnpike;Palestinian Territory;Alvarez-Reed;GB56RDEN95322928142012;(514)548-7079;Brandon Wheeler;rcross@example.com
489;130;Silvamouth;33079;Jennifer Prairie;Cook Islands;Collins Group;GB91TQPI66025299592665;4897277299;Robert Miller;john06@example.com
490;150;South Garrett;38339;Sullivan Lodge;Tunisia;Barnes Group;GB34RSKY06613579507556;835-357-3871;Linda Walker;douglasodom@example.org
491;48;Lake Keith;03590;Marcus Tunnel;Palestinian Territory;Vasquez, Thornton and Stephens;GB14EPVY71882781959304;9575908237;Chelsey Martinez;brittanycox@example.net
492;125;Stephenview;00507;Charles Alley;Nepal;Davidson Group;GB27WFJC91926164500486;(813)809-4229;Rodney Cooper;kfoster@example.org
493;78;New Marymouth;63456;Ralph Mews;Tajikistan;Huang Group;GB27CETO13761206063343;(446)654-3590;Brenda Crane;etaylor@example.com
494;194;Lake Nathanbury;69624;Santiago Pike;Yemen;Miller LLC;GB73KOQY73094931185736;803-778-9401;Lisa Mcknight;nblack@example.com
495;140;Annaville;89572;David Pass;Falkland Islands (Malvinas);Brown, Vega and Anthony;GB77HKPM53346240078231;381-271-3146;Rachel Walker;beckyjackson@example.org
496;158;New Michael;81873;Jamie Spur;Bouvet Island (Bouvetoya);Ho-Cobb;GB51LPWJ54624398877167;4947205872;Jennifer Murillo;cruzgina@example.org
497;126;West Sarahville;73846;Timothy Manors;Saint Kitts and Nevis;King, Little and Lowery;GB89FMKT47183417606762;331-871-4431;Latoya Sanders;vincentrogers@example.org
498;113;Hillfurt;33343;Hayes Grove;Norway;Young, Walker and Martinez;GB44VCNO89361773440423;519-596-3356;Christine Bryant;zvasquez@example.net
499;99;Port Annaport;68169;Williams Pike;Libyan Arab Jamahiriya;Barber Group;GB18WHYY10211610376079;(733)266-0809;Joseph Hanson;brent88@example.org
500;148;Port Kimberly;09829;Harris Loaf;Cuba;Santiago-Fletcher;GB47BKME99588645578373;(807)799-8148;James Gardner;bfernandez@example.net
