PRODUCER_ID;POSTAL_CODE;STREET;CITY;HOUSE_NUMBER;NAME;COUNTRY
1;37191;Foley Stream;Lake Michaelhaven;122;Super;Algeria
2;97076;Martin Fords;Jamesmouth;37;Even Better;El Salvador
3;91976;Michael Rapid;South Lee;189;Big City;Ecuador
4;64607;Lee Divide;Mannport;20;Tri-State;French Guiana
5;11872;Julia Spring;Aaronmouth;14;Excellent;Dominica
6;29790;Michael Islands;Amberport;55;Just Right;Turks and Caicos Islands
7;36989;Brittney Lane;Patriciahaven;19;Gerolli;Cape Verde
8;85916;Gutierrez Springs;Powersfurt;38;Cutting Edge;Bosnia and Herzegovina
9;43918;Dixon Hollow;West Andrewmouth;139;Blue Label;Guinea
10;94302;Jessica Knoll;Walkermouth;148;Tell Tale;French Guiana
11;87472;Billy Island;Tannerfurt;11;Plato;Turkmenistan
12;10816;Kathy Square;Mackenziemouth;53;Sphinx;Afghanistan
13;36181;Smith Road;Collinsport;41;Bravo;Sierra Leone
14;68262;Reese Mission;South Amy;84;Genteel;Norfolk Island
15;24668;Johnston Courts;Port Kimberlyland;60;Golden;Ukraine
16;99428;Figueroa Estate;Adamfurt;59;BBB Best;Bangladesh
17;00747;Martinez Unions;Julieshire;137;Radius;Bangladesh
18;14873;Rebecca Brooks;Lake Andrewview;137;Black Tie;Cape Verde
19;72563;Wright Centers;Johnstad;108;Excel;Ireland
20;88744;Julie Crest;Jessicaborough;163;Robust;Korea
21;63451;Emily Estate;Lake Richardport;124;Fast;Sudan
22;78591;Allen Plaza;Nicholasstad;193;Thresher;Bahamas
23;86213;Singleton Fork;Port Deborah;146;Akron;United States Minor Outlying Islands
24;24636;Lindsay Rapids;Nathanielchester;95;Nationeel;Paraguay
25;44379;Samantha Ville;New Amberside;142;Mighty Good;Pitcairn Islands
26;30595;Jennifer Crossroad;West Sheila;11;Blue Medal;Ireland
27;04027;Jennifer Island;South Joshua;88;Token;Panama
28;21040;Byrd Stravenue;Fieldsfurt;58;Great;Australia
29;64875;Emily Turnpike;New Maria;87;Giant;Cayman Islands
30;15328;Chad Heights;Pamelafort;88;Discover;Latvia
31;73630;Pierce Island;West Sandra;136;Best;Sao Tome and Principe
32;78352;Jennifer Gateway;Guerramouth;63;Obirah;Romania
33;47018;Daniel Vista;Ashleychester;54;Jeffers;Mongolia
34;85750;Molly Track;Wrighthaven;87;Imagine;Qatar
35;98313;Karen Mill;Jacquelineburgh;191;High Top;Chad
36;30933;Amy Ports;Briannafort;51;Fort West;Bangladesh
37;73628;Laurie Crossing;North Beverly;127;Sunset;Senegal
38;84549;Oliver Extensions;Port Joseph;169;Moms;Serbia
39;67758;Lee Motorway;Juliemouth;57;Lake;Nigeria
40;32933;Sonya Pine;Lake Jessica;90;Shady Lake;Malta
41;21999;Gabriel Parkways;West Sarah;106;Best Choice;Namibia
42;09304;Jennifer Vista;Jonesfort;142;Quick;Madagascar
43;32002;Ashley Lodge;Jenniferview;62;Jardon;Cayman Islands
44;81880;Donaldson Courts;Martinview;30;Horatio;Ecuador
45;48940;Stacey Street;Swansonberg;158;Pearl;Anguilla
46;79968;Ramirez Alley;New Ethanhaven;40;Queen;Liechtenstein
47;07823;Karen Forks;North Nathanielmouth;35;Good;Poland
48;14235;Allison Rest;Port Lauren;190;Medalist;Colombia
49;85764;Robert Prairie;South Eric;145;Prelude;Anguilla
50;43815;Andrew Springs;North Kimberly;155;Dual City;Turks and Caicos Islands
51;34657;Timothy Wall;Olivermouth;100;Framton;Peru
52;82072;Avila Prairie;South Stephaniemouth;157;CDR;Saudi Arabia
53;20502;Miller Ridges;East Michaelburgh;94;Swell;Swaziland
54;43269;Christian Prairie;Port Margaretview;191;Jumbo;French Guiana
55;42371;Rodriguez Alley;North Gabriellefurt;188;Gauss;Norfolk Island
56;42287;Wesley Loaf;Vaughnmouth;69;Johnson;Bulgaria
57;46197;Dylan Stravenue;Walkerview;162;Colossal;Mauritania
58;58886;Barbara Port;Moralesbury;167;PigTail;Aruba
59;94860;Christine Island;Lake Randall;65;Walrus;Armenia
60;48306;Thomas Points;East Annabury;41;Cormorant;Aruba
61;24885;Destiny Path;Benjaminstad;45;Green Ribbon;Croatia
62;98379;Steven Lake;West Reginald;182;Modell;Vietnam
63;78791;Hernandez Forks;East Elizabethhaven;22;Amigo;Colombia
64;71897;Young Landing;Alexandermouth;37;Hermanos;Bolivia
65;30349;Aguilar Valley;Johnsonland;122;Tip Top;Brunei Darussalam
66;61409;Smith Drive;Herrerashire;108;Colony;Guinea-Bissau
67;10457;Andrew Summit;New Victoria;5;Big Time;Canada
68;59875;Mary Squares;New Deannashire;189;Toretti;Oman
69;35266;Gregory Radial;Josephfurt;10;National;French Polynesia
70;97613;Ronald Ways;North Sherrihaven;10;Atomic;Heard Island and McDonald Islands
71;93971;Choi Lock;South Josephbury;74;Bird Call;Vietnam
72;69992;Bryant Springs;South Angela;132;High Quality;Jamaica
73;27991;Brian Coves;Conleystad;4;Consolidated;France
74;97866;Ryan Ports;South Joshuafort;199;American;Guinea-Bissau
75;54782;Murphy Burgs;Mikeborough;111;Musial;Paraguay
76;45004;Williams Streets;Smithhaven;67;Top Measure;Madagascar
77;89363;Ashley Shore;New Sarah;5;Special;Bahrain
78;67979;Loretta Overpass;Port Larry;109;Gorilla;Saint Martin
79;12368;Alan Route;Elizabethbury;33;Toucan;Benin
80;95544;James Walks;Elliottland;180;ADJ;Armenia
81;06032;Cruz Shores;Jamesport;123;Kiwi;South Georgia and the South Sandwich Islands
82;95136;Jackson Ferry;West Margaretside;24;Dollar;Cuba
83;01233;Hayden Ports;Port Joshuamouth;188;Red Spade;Australia
84;20980;Rodriguez Rapids;South Patrickfurt;174;Skinner;Swaziland
85;35206;Robert Junctions;Sandraberg;17;Dapi;Brunei Darussalam
86;21971;John Course;East David;146;Pleasant;Palestinian Territory
87;04859;Martinez Track;West Michaelshire;127;King;Zimbabwe
88;52231;Jimenez Landing;Lake Tammy;5;Carlson;Spain
89;68889;Catherine Cape;Lake Davidchester;200;Booker;Trinidad and Tobago
90;03033;Williams Junctions;West Joseph;3;Hilltop;Singapore
91;00627;Andrew Drive;Maddoxburgh;166;Portsmouth;Iran
92;06321;Lee River;Millerfurt;40;Gulf Coast;Central African Republic
93;29738;Patel Lodge;East Justin;200;Landslide;Cuba
94;93846;Anthony Turnpike;Stefaniefurt;51;Club;Dominica
95;63441;Krystal Forest;East Sarahstad;163;James Bay;British Virgin Islands
96;00942;Kristina Greens;Harrischester;181;Choice;Montserrat
97;64561;Barbara Forks;Stevenview;26;Ebony;Netherlands
98;73341;Kristina Forest;Hamiltonhaven;79;Denny;Palau
99;41627;Robinson Vista;Reedberg;117;Curlew;Nigeria
100;40798;Porter Bridge;Thompsonton;59;Monarch;Mexico
101;77077;Jennings Track;Andersonfurt;200;Red Wing;Malawi
102;57131;Jill Point;Baileyport;117;Fabulous;Solomon Islands
103;32863;Parker Stravenue;Brittanyberg;180;Fantastic;Burundi
104;92471;Clark Squares;Kennedyton;8;Washington;Rwanda
105;51686;Ashley Keys;Kristinfort;143;Steady;Macao
106;41354;Danielle Street;South Conniefurt;66;Applause;Netherlands
107;54762;Kemp Valleys;Arthurville;115;Atikam;Rwanda
108;36369;Gregory Summit;Pamelatown;166;Footnote;Jordan
109;95641;Garcia Springs;East Jesseborough;36;Symphony;Palestinian Territory
110;80357;Hernandez Meadow;Martinezview;112;Better;Liechtenstein
111;92621;Powers Fields;New Christopherborough;90;Carrington;Angola
112;82729;Debra Parks;Cobbborough;155;Ship Shape;Australia
113;43700;Deleon Dale;Aprilmouth;36;Faux Products;Papua New Guinea
114;50938;Cheryl Junction;Tammyhaven;46;Urban;Peru
115;510000;Oak St;Guangzhou;432;PoultryPrime;China
116;H3B 1X8;Main St;Montreal;1;ChillBird;Canada
117;60601;2nd St;Chicago;56;ArcticChicken;USA
118;110001;Maple St;Delhi;63;FrostyFeast;India
119;50667;Elm St;Cologne;360;FarmChoice;Germany
120;G1 1AA;Oak St;Glasgow;134;FreezeFresh;United Kingdom
121;460-0001;Park Ave;Nagoya;435;CoolCluck;Japan
122;530-0001;Maple St;Osaka;245;WinterHarvest;Japan
123;80100;Park Ave;Naples;18;IceBird;Italy
124;G1 1AA;Main St;Glasgow;291;FreshFarm;United Kingdom
125;V5K 0A1;2nd St;Vancouver;86;FruitHarvest;Canada
126;01000-000;Oak St;Sao Paulo;156;OrchardFresh;Brazil
127;518000;Elm St;Shenzhen;152;PureNature;China
128;10100;Main St;Turin;483;SeaHarvest;Italy
129;01000-000;2nd St;Sao Paulo;438;OceanGold;Brazil
130;M5H 2N2;Main St;Toronto;476;FisheryFresh;Canada
131;V5K 0A1;Main St;Vancouver;136;MarineDelight;Canada
132;10001;Oak St;New York;461;SardineKing;USA
133;10115;Park Ave;Berlin;209;OceanPearl;Germany
134;M1 1AE;Oak St;Manchester;408;ShellDelight;United Kingdom
135;10100;Cedar St;Turin;316;MarineTreasure;Italy
136;K1A 0B1;3rd Ave;Ottawa;272;OysterGourmet;Canada
137;C1000;Park Ave;Buenos Aires;297;ClamHarvest;Argentina
138;518000;2nd St;Shenzhen;383;SeaPearl;China
139;M1 1AE;2nd St;Manchester;472;OceanBounty;United Kingdom
140;S2000;Cedar St;Rosario;368;MarineSelect;Argentina
141;10100;3rd Ave;Turin;360;ShellFresh;Italy
142;70000-000;3rd Ave;Brasilia;165;SeaSalt;Brazil
143;100-0001;2nd St;Tokyo;158;OceanFresh;Japan
144;460-0001;Oak St;Nagoya;492;AnchovyKing;Japan
145;10115;2nd St;Berlin;472;MarineGold;Germany
146;G1 1AA;Maple St;Glasgow;216;FishyDelight;United Kingdom
147;510000;Park Ave;Guangzhou;182;ShrimpDelight;China
148;01000-000;3rd Ave;Sao Paulo;427;OceanHarvest;Brazil
149;B1 1AA;Cedar St;Birmingham;245;SeaTreasure;United Kingdom
150;060-0001;2nd St;Sapporo;267;MarineGems;Japan
151;M5H 2N2;Elm St;Toronto;59;ShellPearl;Canada
152;10115;Cedar St;Berlin;458;SeaPrime;Germany
153;530-0001;Elm St;Osaka;247;MarineChoice;Japan
154;M5H 2N2;Park Ave;Toronto;221;BrewFree;Canada
155;H3B 1X8;Main St;Montreal;309;PureBrew;Canada
156;80100;Elm St;Naples;471;ZeroProof;Italy
157;460-0001;Oak St;Nagoya;419;HopsHarvest;Japan
158;77001;3rd Ave;Houston;413;ChillBrew;USA
159;20000-000;Maple St;Rio de Janeiro;486;CoolCraft;Brazil
160;X5000;Park Ave;Cï¿½rdoba;322;SpiritZero;Argentina
161;13001;3rd Ave;Marseille;467;CraftEase;France
162;77001;2nd St;Houston;264;FreshPour;USA
163;V5K 0A1;Maple St;Vancouver;77;PurePint;Canada
164;20095;2nd St;Hamburg;475;TunaKing;Germany
165;60601;Maple St;Chicago;297;OceanCatch;USA
166;60601;Elm St;Chicago;165;GlamourWorld;USA
167;31000;Maple St;Toulouse;93;VogueFocus;France
168;B1 1AA;Cedar St;Birmingham;471;ChicMonthly;United Kingdom
169;H3B 1X8;Main St;Montreal;474;FashionPulse;Canada
170;530-0001;Cedar St;Osaka;231;CoutureMag;Japan
171;X5000;Elm St;Cï¿½rdoba;318;RunwayReview;Argentina
172;80100;Main St;Naples;202;HauteLife;Italy
173;E1 6AN;3rd Ave;London;13;ModeMaster;United Kingdom
174;M1 1AE;Elm St;Manchester;361;HomeStyle;United Kingdom
175;01000-000;2nd St;Sao Paulo;363;CozyLiving;Brazil
176;75001;Main St;Paris;213;InteriorDream;France
177;10001;Maple St;New York;210;DecorGuide;USA
178;10001;Maple St;New York;129;HouseHarmony;USA
179;20095;Elm St;Hamburg;310;ElegantSpaces;Germany
180;60601;Elm St;Chicago;313;ModernNest;USA
181;20000-000;Main St;Rio de Janeiro;169;LivingEssentials;Brazil
182;100;Cedar St;Rome;207;RoomRevamp;Italy
183;46000;Park Ave;Busan;47;HomeTrends;South Korea
184;77001;3rd Ave;Houston;88;SportAction;USA
185;20121;Main St;Milan;24;AthleticFocus;Italy
186;E1 6AN;Main St;London;447;GameDay;United Kingdom
187;200000;Park Ave;Shanghai;462;PowerPlay;China
188;460-0001;3rd Ave;Nagoya;108;SportsDigest;Japan
189;V5K 0A1;Cedar St;Vancouver;440;ChampionReview;Canada
190;X5000;Main St;Cï¿½rdoba;284;ActiveLife;Argentina
191;10001;Cedar St;New York;458;VictoryMag;USA
192;S2000;3rd Ave;Rosario;18;ProAthlete;Argentina
193;10115;Maple St;Berlin;215;SportsElite;Germany
194;10001;Cedar St;New York;125;FixIt;USA
195;460-0001;Main St;Nagoya;39;ToolMaster;Japan
196;E1 6AN;Oak St;London;153;ScrewPro;United Kingdom
197;01000-000;3rd Ave;Sao Paulo;181;DriveRight;Brazil
198;60601;Maple St;Chicago;307;PrecisionTools;USA
199;70000-000;Main St;Brasilia;245;MapMaster;Brazil
200;20121;Main St;Milan;107;AtlasWorld;Italy
201;E1 6AN;Cedar St;London;304;GeoGuide;United Kingdom
202;S2000;Main St;Rosario;204;PowerCell;Argentina
203;V5K 0A1;Park Ave;Vancouver;239;EnergyPlus;Canada
204;460-0001;Main St;Nagoya;67;VoltMax;Japan
205;20000-000;3rd Ave;Rio de Janeiro;202;ChargePro;Brazil
206;20095;Oak St;Hamburg;4;BatteryKing;Germany
207;10001;Park Ave;New York;149;HotSip;USA
208;77001;Main St;Houston;341;CaféDelight;USA
209;22300;Park Ave;Incheon;333;EspressoEdge;South Korea
210;X5000;Main St;Cï¿½rdoba;491;RoastRite;Argentina
211;01000-000;2nd St;Sao Paulo;250;AromaBrew;Brazil
212;75001;Oak St;Paris;418;PureBean;France
213;060-0001;Maple St;Sapporo;139;CoffeeMaster;Japan
214;20000-000;2nd St;Rio de Janeiro;103;BrewHouse;Brazil
215;90001;Park Ave;Los Angeles;297;JavaJoy;USA
216;69001;Oak St;Lyon;210;MorningBlend;France
217;100000;Park Ave;Beijing;154;SunShade;China
218;B1 1AA;Park Ave;Birmingham;45;EyeGuard;United Kingdom
219;3000;Main St;Seoul;463;VisionClear;South Korea
220;510000;Main St;Guangzhou;228;RayDefender;China
221;80100;Cedar St;Naples;281;UVProtect;Italy
222;530-0001;3rd Ave;Osaka;391;ClearView;Japan
223;90001;3rd Ave;Los Angeles;267;SunGuard;USA
224;M5H 2N2;3rd Ave;Toronto;486;BrightEyes;Canada
225;E1 6AN;Maple St;London;66;OptiShield;United Kingdom
226;V5K 0A1;2nd St;Vancouver;445;GlareBlock;Canada
227;E1 6AN;3rd Ave;London;176;FreshBrush;United Kingdom
228;C1000;Park Ave;Buenos Aires;455;CleanSmile;Argentina
229;75001;Cedar St;Paris;101;BrightTeeth;France
230;31000;Maple St;Toulouse;481;OralGuard;France
231;518000;Park Ave;Shenzhen;140;ShineBright;China
232;100-0001;Park Ave;Tokyo;412;WhiteWave;Japan
233;V5K 0A1;2nd St;Vancouver;391;SmileCare;Canada
234;V5K 0A1;Oak St;Vancouver;480;PearlClean;Canada
235;10100;Maple St;Turin;352;ToothFresh;Italy
236;K1A 0B1;3rd Ave;Ottawa;369;SparkleBrite;Canada
237;200000;Cedar St;Shanghai;295;CleanPot;China
238;01000-000;Cedar St;Sao Paulo;453;ScrubMaster;Brazil
239;S2000;3rd Ave;Rosario;210;ShineEase;Argentina
240;460-0001;Maple St;Nagoya;186;GleamGuard;Japan
241;80100;Elm St;Naples;393;SpotlessScrub;Italy
242;C1000;Park Ave;Buenos Aires;250;ScrubEase;Argentina
243;S2000;Maple St;Rosario;488;PotShine;Argentina
244;X5000;Park Ave;Cï¿½rdoba;373;CleanEdge;Argentina
245;X5000;Elm St;Cï¿½rdoba;295;ToughScrub;Argentina
246;600001;Oak St;Chennai;346;GleamPro;India
247;10001;Elm St;New York;329;BrushEase;USA
248;X5000;Park Ave;Cï¿½rdoba;415;CleanFlush;Argentina
249;X5000;Elm St;Cï¿½rdoba;238;SparkleBowl;Argentina
250;13001;Elm St;Marseille;422;HygienicHome;France
251;20000-000;Cedar St;Rio de Janeiro;488;FreshFlush;Brazil
252;H3B 1X8;Maple St;Montreal;87;SweetRing;Canada
253;560001;Oak St;Bangalore;376;DoughDelight;India
254;77001;Maple St;Houston;283;GlazeMaster;USA
255;13001;Park Ave;Marseille;63;DonutHaven;France
256;B1 1AA;2nd St;Birmingham;383;FrostyTreat;United Kingdom
257;20000-000;Maple St;Rio de Janeiro;444;DipDelight;Brazil
258;20095;Park Ave;Hamburg;39;FlavorWave;Germany
259;60601;Elm St;Chicago;94;TastyDips;USA
260;200000;Park Ave;Shanghai;302;SavoryChoice;China
261;01000-000;Main St;Sao Paulo;230;SmoothDips;Brazil
262;G1 1AA;3rd Ave;Glasgow;64;GourmetBlend;United Kingdom
263;B1 1AA;Oak St;Birmingham;348;FreshFlavor;United Kingdom
264;S2000;2nd St;Rosario;274;SnackMate;Argentina
265;200000;Maple St;Shanghai;3;DipMaster;China
266;C1000;Elm St;Buenos Aires;262;BoldTaste;Argentina
267;70000-000;Park Ave;Brasilia;245;CrispyCrunch;Brazil
268;20000-000;Park Ave;Rio de Janeiro;30;SnackCrisp;Brazil
269;13001;Oak St;Marseille;243;CrackleThins;France
270;31000;Cedar St;Toulouse;126;CrunchyBites;France
271;518000;Oak St;Shenzhen;219;SavorySnacks;China
272;22300;Cedar St;Incheon;93;GoldenCrisps;South Korea
273;80331;Maple St;Munich;324;CrispMaster;Germany
274;77001;Maple St;Houston;357;BiteSize;USA
275;77001;Park Ave;Houston;210;FlavorCrackers;USA
276;100-0001;Park Ave;Tokyo;241;CrunchyCrave;Japan
277;S2000;Main St;Rosario;225;HotDogKing;Argentina
278;46000;Maple St;Busan;34;GrillMaster;South Korea
279;100;Main St;Rome;414;FrankfurterDelight;Italy
280;20000-000;Cedar St;Rio de Janeiro;88;PrimeDogs;Brazil
281;K1A 0B1;Main St;Ottawa;216;HotDogHeaven;Canada
282;70000-000;2nd St;Brasilia;182;StreetBites;Brazil
283;20095;Oak St;Hamburg;337;ClassicDogs;Germany
284;C1000;Elm St;Buenos Aires;361;SausageSupreme;Argentina
285;70000-000;Cedar St;Brasilia;241;BrightGlow;Brazil
286;H3B 1X8;3rd Ave;Montreal;225;LightMaster;Canada
287;41900;Park Ave;Daegu;452;EcoBeam;South Korea
288;80331;Oak St;Munich;387;ClearLight;Germany
289;M5H 2N2;3rd Ave;Toronto;141;EnergyShine;Canada
290;C1000;Main St;Buenos Aires;388;WineCraft;Argentina
291;C1000;2nd St;Buenos Aires;188;GrapeEssence;Argentina
292;E1 6AN;Cedar St;London;441;VinoSans;United Kingdom
293;M1 1AE;3rd Ave;Manchester;72;NobleGrape;United Kingdom
294;X5000;2nd St;Cï¿½rdoba;11;VineGrove;Argentina
295;20000-000;Park Ave;Rio de Janeiro;202;DeliChoice;Brazil
296;10001;Cedar St;New York;130;MeatMaster;USA
297;110001;Oak St;Delhi;135;GourmetSlice;India
298;K1A 0B1;Cedar St;Ottawa;360;MilkDelight;Canada
299;M5H 2N2;Cedar St;Toronto;208;NutriMilk;Canada
300;560001;Oak St;Bangalore;139;DailyDairy;India
301;13001;3rd Ave;Marseille;452;LactoseFree;France
302;20000-000;2nd St;Rio de Janeiro;234;DairyFresh;Brazil
303;20000-000;Oak St;Rio de Janeiro;467;PureMilk;Brazil
304;20000-000;Oak St;Rio de Janeiro;123;CreamyCow;Brazil
305;01000-000;Elm St;Sao Paulo;293;FarmMilk;Brazil
306;E1 6AN;Park Ave;London;155;HealthySip;United Kingdom
307;20121;Park Ave;Milan;245;ColdRelief;Italy
308;C1000;Oak St;Buenos Aires;133;WinterWellness;Argentina
309;V5K 0A1;2nd St;Vancouver;58;SniffleEase;Canada
310;20000-000;3rd Ave;Rio de Janeiro;319;ChillGuard;Brazil
311;S2000;Park Ave;Rosario;394;FluFight;Argentina
312;400001;Cedar St;Mumbai;368;ReliefPlus;India
313;22300;Maple St;Incheon;10;EasyBreathe;South Korea
314;200000;Maple St;Shanghai;269;SneezeStop;China
315;E1 6AN;Elm St;London;360;FreshMint;United Kingdom
316;90001;2nd St;Los Angeles;192;OralCare;USA
317;V5K 0A1;Cedar St;Vancouver;116;CleanBreath;Canada
318;70000-000;Cedar St;Brasilia;426;MintyFresh;Brazil
319;10001;Main St;New York;346;BrightSmile;USA
320;3000;2nd St;Seoul;359;PureMouth;South Korea
321;31000;Maple St;Toulouse;345;SparkleRinse;France
322;G1 1AA;Cedar St;Glasgow;5;TotalClean;United Kingdom
323;B1 1AA;2nd St;Birmingham;421;BreathGuard;United Kingdom
324;C1000;3rd Ave;Buenos Aires;7;MouthShine;Argentina
325;20000-000;Elm St;Rio de Janeiro;253;NasalEase;Brazil
326;100;Elm St;Rome;396;ClearNose;Italy
327;100;2nd St;Rome;482;SinusRelief;Italy
328;20000-000;Park Ave;Rio de Janeiro;458;BreatheFree;Brazil
329;S2000;Main St;Rosario;420;NasalGuard;Argentina
330;100-0001;Elm St;Tokyo;333;PainRelief;Japan
331;600001;Oak St;Chennai;180;MedEase;India
332;530-0001;Cedar St;Osaka;477;AcetaminPro;Japan
333;C1000;Elm St;Buenos Aires;402;PainAway;Argentina
334;20000-000;Oak St;Rio de Janeiro;8;ReliefMax;Brazil
335;100;Main St;Rome;11;IbuCare;Italy
336;X5000;2nd St;Cï¿½rdoba;313;AspirinEase;Argentina
337;31000;Main St;Toulouse;221;PainGuard;France
338;75001;3rd Ave;Paris;140;QuickRelief;France
339;460-0001;Oak St;Nagoya;266;CleanWave;Japan
340;M1 1AE;2nd St;Manchester;7;SparkleDish;United Kingdom
341;20000-000;Main St;Rio de Janeiro;409;PowerClean;Brazil
342;M5H 2N2;2nd St;Toronto;71;ShineMaster;Canada
343;31000;Elm St;Toulouse;14;PureRinse;France
344;90001;2nd St;Los Angeles;492;FoamFresh;USA
345;20095;2nd St;Hamburg;340;CleanSwipe;Germany
346;77001;Park Ave;Houston;372;DishMaster;USA
347;60601;Park Ave;Chicago;129;PureSud;USA
348;E1 6AN;3rd Ave;London;29;SparklingClean;United Kingdom
349;460-0001;Elm St;Nagoya;323;TofuDelight;Japan
350;100-0001;Cedar St;Tokyo;425;PureSoy;Japan
351;10100;Cedar St;Turin;142;VeggiePress;Italy
352;10100;Cedar St;Turin;342;TofuMaster;Italy
353;G1 1AA;Cedar St;Glasgow;66;SoyFresh;United Kingdom
354;60601;Cedar St;Chicago;64;FarmEggs;USA
355;460-0001;2nd St;Nagoya;477;FreshNest;Japan
356;100000;3rd Ave;Beijing;217;GoldenYolk;China
357;13001;Park Ave;Marseille;273;PureEgg;France
358;M1 1AE;Elm St;Manchester;181;EggLand;United Kingdom
359;31000;2nd St;Toulouse;55;PrimeBeef;France
360;20000-000;Elm St;Rio de Janeiro;284;BeefKing;Brazil
361;46000;Main St;Busan;32;MeatChoice;South Korea
362;K1A 0B1;Cedar St;Ottawa;423;BurgerBlend;Canada
363;X5000;Cedar St;Cï¿½rdoba;207;PizzaDeluxe;Argentina
364;M1 1AE;2nd St;Manchester;121;CrustMaster;United Kingdom
365;X5000;Elm St;Cï¿½rdoba;452;TopTaste;Argentina
366;G1 1AA;2nd St;Glasgow;293;SliceHeaven;United Kingdom
367;C1000;Cedar St;Buenos Aires;85;PizzaKing;Argentina
368;01000-000;Main St;Sao Paulo;181;GourmetPizza;Brazil
369;50667;Oak St;Cologne;173;PureItalian;Germany
370;13001;2nd St;Marseille;181;OvenFresh;France
371;100-0001;Elm St;Tokyo;448;CheeseSupreme;Japan
372;01000-000;Oak St;Sao Paulo;86;VeggieLove;Brazil
373;90001;Oak St;Los Angeles;48;MeatFeast;USA
374;46000;Elm St;Busan;32;MargheritaChoice;South Korea
375;13001;2nd St;Marseille;27;PepperoniPerfect;France
376;31000;Cedar St;Toulouse;168;FourCheese;France
377;460-0001;2nd St;Nagoya;13;SpicyItalian;Japan
378;S2000;Main St;Rosario;453;PureShine;Argentina
379;70000-000;Maple St;Brasilia;181;HairRevive;Brazil
380;M5H 2N2;Cedar St;Toronto;166;CleanTress;Canada
381;13001;Oak St;Marseille;287;SmoothLuxe;France
382;20121;3rd Ave;Milan;221;FreshLocks;Italy
383;510000;3rd Ave;Guangzhou;118;HerbalEssence;China
384;K1A 0B1;2nd St;Ottawa;410;GlossyHair;Canada
385;M5H 2N2;Elm St;Toronto;180;BrightStrands;Canada
386;10100;Cedar St;Turin;489;NatureCare;Italy
387;110001;3rd Ave;Delhi;286;SilkShine;India
388;600001;Oak St;Chennai;311;SilkCondition;India
389;560001;Cedar St;Bangalore;388;SmoothLocks;India
390;M1 1AE;Oak St;Manchester;351;HairGloss;United Kingdom
391;69001;3rd Ave;Lyon;189;PureMoisture;France
392;S2000;Main St;Rosario;254;ReviveCare;Argentina
393;77001;Oak St;Houston;261;SoftStrands;USA
394;70000-000;2nd St;Brasilia;404;GentleTouch;Brazil
395;518000;Park Ave;Shenzhen;330;ShinePro;China
396;70000-000;Cedar St;Brasilia;90;RestoreLuxe;Brazil
397;70000-000;Oak St;Brasilia;179;VolumeBoost;Brazil
398;10001;Oak St;New York;450;FarmFresh;USA
399;M1 1AE;3rd Ave;Manchester;458;ChickenDelight;United Kingdom
400;3000;Elm St;Seoul;384;PureFowl;South Korea
401;3000;3rd Ave;Seoul;482;TenderCuts;South Korea
402;X5000;3rd Ave;Cï¿½rdoba;114;CrispyFries;Argentina
403;200000;Main St;Shanghai;237;GoldenCrunch;China
404;13001;2nd St;Marseille;227;FryMaster;France
405;90001;Cedar St;Los Angeles;92;PerfectPotato;USA
406;X5000;Oak St;Cï¿½rdoba;353;SnackFries;Argentina
407;560001;Park Ave;Bangalore;256;GreenHarvest;India
408;C1000;Cedar St;Buenos Aires;129;VeggieCans;Argentina
409;600001;Oak St;Chennai;227;PureGarden;India
410;75001;Park Ave;Paris;167;Nature’sBest;France
411;X5000;Cedar St;Cï¿½rdoba;222;EcoVeggies;Argentina
412;X5000;2nd St;Cï¿½rdoba;163;PureVeg;Argentina
413;20000-000;Maple St;Rio de Janeiro;386;HarvestChoice;Brazil
414;V5K 0A1;Main St;Vancouver;173;CannedDelight;Canada
415;560001;Park Ave;Bangalore;74;CountryVeg;India
416;C1000;Elm St;Buenos Aires;314;FrostyVeg;Argentina
417;S2000;Maple St;Rosario;334;FreshFreeze;Argentina
418;50667;3rd Ave;Cologne;101;CoolHarvest;Germany
419;69001;Elm St;Lyon;266;PureFrozen;France
420;10115;Maple St;Berlin;296;VeggieChill;Germany
421;M5H 2N2;2nd St;Toronto;423;IcyGreen;Canada
422;K1A 0B1;Cedar St;Ottawa;221;FreezerFresh;Canada
423;75001;3rd Ave;Paris;75;NatureFreeze;France
424;K1A 0B1;Elm St;Ottawa;336;CrispVeg;Canada
425;60601;Park Ave;Chicago;199;ArcticHarvest;USA
426;90001;3rd Ave;Los Angeles;365;SoupDelight;USA
427;20000-000;Maple St;Rio de Janeiro;189;QuickBite;Brazil
428;S2000;Maple St;Rosario;450;SavorySoup;Argentina
429;518000;Oak St;Shenzhen;458;FreshBowl;China
430;80100;Park Ave;Naples;120;GourmetSoup;Italy
431;M5H 2N2;Oak St;Toronto;180;CanSoup;Canada
432;560001;2nd St;Bangalore;247;EasyServe;India
433;V5K 0A1;2nd St;Vancouver;462;PureBroth;Canada
434;20121;Park Ave;Milan;230;FreshCan;Italy
435;22300;Elm St;Incheon;319;PantrySoup;South Korea
436;70000-000;Main St;Brasilia;30;GrainKing;Brazil
437;10100;Oak St;Turin;407;PureRice;Italy
438;400001;2nd St;Mumbai;33;RiceDelight;India
439;70000-000;Oak St;Brasilia;214;FreshHarvest;Brazil
440;C1000;3rd Ave;Buenos Aires;265;RiceMaster;Argentina
441;10001;3rd Ave;New York;294;QuickPrep;USA
442;20000-000;Cedar St;Rio de Janeiro;393;UtensilMaster;Brazil
443;C1000;3rd Ave;Buenos Aires;373;PartyPack;Argentina
444;3000;Elm St;Seoul;297;KitchenEssentials;South Korea
445;90001;2nd St;Los Angeles;106;EcoPlates;USA
446;X5000;2nd St;Cï¿½rdoba;158;GreenServe;Argentina
447;E1 6AN;Maple St;London;4;PaperWare;United Kingdom
448;B1 1AA;Maple St;Birmingham;178;EcoChoice;United Kingdom
449;90001;Elm St;Los Angeles;108;PopcornKing;USA
450;560001;Oak St;Bangalore;153;SnackBurst;India
451;H3B 1X8;3rd Ave;Montreal;481;CrunchPop;Canada
452;69001;Cedar St;Lyon;35;FreshPop;France
453;100;Maple St;Rome;437;PopDelight;Italy
454;518000;3rd Ave;Shenzhen;234;SweetBites;China
455;01000-000;Cedar St;Sao Paulo;494;CookieCraft;Brazil
456;X5000;Park Ave;Cï¿½rdoba;109;PureDelight;Argentina
457;560001;Elm St;Bangalore;272;CookieJoy;India
458;510000;Oak St;Guangzhou;338;GourmetTreats;China
459;77001;Cedar St;Houston;158;DelightfulBites;USA
460;X5000;Park Ave;Cï¿½rdoba;498;CookieKings;Argentina
461;V5K 0A1;Oak St;Vancouver;237;UltimateCookies;Canada
462;530-0001;Main St;Osaka;499;ChocoDreams;Japan
463;V5K 0A1;3rd Ave;Vancouver;244;SugarRush;Canada
464;X5000;Oak St;Cï¿½rdoba;83;ClassicTreats;Argentina
465;3000;Park Ave;Seoul;249;HeavenlyBites;South Korea
466;13001;Maple St;Marseille;29;CrispyDelight;France
467;X5000;Maple St;Cï¿½rdoba;343;VinoClassico;Argentina
468;3000;Elm St;Seoul;312;FineWines;South Korea
469;M5H 2N2;Oak St;Toronto;287;PureGrapes;Canada
470;C1000;2nd St;Buenos Aires;456;NobleVine;Argentina
471;22300;Park Ave;Incheon;264;ElegantPour;South Korea
472;560001;3rd Ave;Bangalore;247;HeritageWines;India
473;460-0001;Oak St;Nagoya;82;VintageCellar;Japan
474;K1A 0B1;Park Ave;Ottawa;97;LuxeVino;Canada
475;10100;Elm St;Turin;343;PrimeVintage;Italy
476;H3B 1X8;2nd St;Montreal;443;EliteWines;Canada
477;100;Cedar St;Rome;405;BrewMasters;Italy
478;60601;3rd Ave;Chicago;368;PureAle;USA
479;100-0001;Main St;Tokyo;227;GoldenHops;Japan
480;77001;Main St;Houston;288;CraftBrew;USA
481;100-0001;Park Ave;Tokyo;6;HopHaven;Japan
482;C1000;Park Ave;Buenos Aires;13;FineLager;Argentina
483;90001;Park Ave;Los Angeles;461;AleHouse;USA
484;100-0001;2nd St;Tokyo;239;BrewedPerfection;Japan
485;10001;Cedar St;New York;410;GoldenPint;USA
486;200000;Main St;Shanghai;288;ClassicBrews;China
487;600001;Cedar St;Chennai;40;UrbanBrew;India
488;22300;Main St;Incheon;389;LagerWorks;South Korea
489;10100;Oak St;Turin;419;PeakAle;Italy
490;E1 6AN;Elm St;London;122;TopBrew;United Kingdom
491;200000;Park Ave;Shanghai;241;FreshPint;China
492;69001;3rd Ave;Lyon;195;ArtisanBrew;France
493;90001;Main St;Los Angeles;498;TrueHops;USA
494;M1 1AE;Elm St;Manchester;463;BrewChoice;United Kingdom
495;S2000;3rd Ave;Rosario;299;SignatureBrew;Argentina
496;41900;Elm St;Daegu;411;ClearLager;South Korea
497;01000-000;Cedar St;Sao Paulo;207;NutriSpread;Brazil
498;C1000;Elm St;Buenos Aires;408;PureNut;Argentina
499;060-0001;Main St;Sapporo;83;CreamyChoice;Japan
500;K1A 0B1;3rd Ave;Ottawa;304;NuttyDelight;Canada
501;10001;Main St;New York;451;PeanutGold;USA
502;V5K 0A1;Oak St;Vancouver;188;SipRefresh;Canada
503;X5000;Main St;Cï¿½rdoba;67;FlavorBurst;Argentina
504;75001;Oak St;Paris;389;DrinkMaster;France
505;518000;Cedar St;Shenzhen;240;PureTaste;China
506;46000;Park Ave;Busan;167;CoolSips;South Korea
507;V5K 0A1;Elm St;Vancouver;405;ChocoDelight;Canada
508;31000;Main St;Toulouse;286;SweetTreat;France
509;530-0001;Maple St;Osaka;139;CocoaMagic;Japan
510;31000;Oak St;Toulouse;437;ChocoCraft;France
511;C1000;Oak St;Buenos Aires;235;PureIndulgence;Argentina
512;C1000;Cedar St;Buenos Aires;64;GourmetCocoa;Argentina
513;V5K 0A1;Elm St;Vancouver;278;VelvetChoc;Canada
514;20121;Cedar St;Milan;38;ChocolateLuxe;Italy
515;22300;2nd St;Incheon;388;DivineCocoa;South Korea
516;K1A 0B1;Maple St;Ottawa;292;RichBlend;Canada
517;80331;2nd St;Munich;321;SweetPure;Germany
518;60601;3rd Ave;Chicago;58;SugarCraft;USA
519;460-0001;Oak St;Nagoya;43;PureSweet;Japan
520;M1 1AE;3rd Ave;Manchester;125;GoldenGrain;United Kingdom
521;K1A 0B1;3rd Ave;Ottawa;374;WhiteGold;Canada
522;20000-000;Maple St;Rio de Janeiro;200;PureOil;Brazil
523;110001;Park Ave;Delhi;483;KitchenGold;India
524;600001;Cedar St;Chennai;308;ChefsChoice;India
525;46000;Cedar St;Busan;54;GoldenDrop;South Korea
526;10115;Cedar St;Berlin;194;NatureBlend;Germany
527;X5000;3rd Ave;Cï¿½rdoba;290;SaucyDelight;Argentina
528;M1 1AE;Cedar St;Manchester;397;PureSauce;United Kingdom
529;200000;Maple St;Shanghai;254;TasteMaster;China
530;20000-000;Main St;Rio de Janeiro;48;GlowLite;Brazil
531;80100;Oak St;Naples;279;CandleCraft;Italy
532;H3B 1X8;2nd St;Montreal;345;PureFlame;Canada
533;S2000;Oak St;Rosario;439;SerenityCandles;Argentina
534;V5K 0A1;Oak St;Vancouver;78;CrunchyTwist;Canada
535;V5K 0A1;Maple St;Vancouver;350;PretzelJoy;Canada
536;V5K 0A1;Cedar St;Vancouver;100;SnackMaster;Canada
537;H3B 1X8;Maple St;Montreal;414;CrispyPretz;Canada
538;X5000;Maple St;Cï¿½rdoba;290;PretzelDelight;Argentina
539;70000-000;Cedar St;Brasilia;337;Renuzit;Brazil
540;S2000;Cedar St;Rosario;442;Febreze;Argentina
541;46000;3rd Ave;Busan;420;Glade;South Korea
542;20000-000;Main St;Rio de Janeiro;29;Air Wick;Brazil
543;75001;Elm St;Paris;253;Lysol;France
544;70000-000;Maple St;Brasilia;191;Dunkin;Brazil
545;3000;Oak St;Seoul;455;Peets Coffee;South Korea
546;70000-000;Oak St;Brasilia;418;Starbucks;Brazil
547;V5K 0A1;Maple St;Vancouver;160;Boars Head;Canada
548;X5000;Oak St;Cï¿½rdoba;143;Oscar Mayer;Argentina
549;V5K 0A1;Maple St;Vancouver;362;Applegate;Canada
550;31000;Cedar St;Toulouse;438;Pringles;France
551;G1 1AA;2nd St;Glasgow;289;Kettle Brand;United Kingdom
552;50667;Park Ave;Cologne;247;Lays;Germany
553;77001;Park Ave;Houston;135;Daisy;USA
554;3000;Cedar St;Seoul;133;Breakstones;South Korea
555;20121;Oak St;Milan;235;Kroger;Italy
556;K1A 0B1;Oak St;Ottawa;430;StoneMaster;Canada
557;50667;Cedar St;Cologne;30;RockSolid;Germany
558;V5K 0A1;2nd St;Vancouver;280;GranitePro;Canada
559;K1A 0B1;Main St;Ottawa;10;SteelWorks;Canada
560;20000-000;Elm St;Rio de Janeiro;127;IronForge;Brazil
561;75001;3rd Ave;Paris;183;MetalMaster;France
562;10100;Elm St;Turin;97;Horizon Organic;Italy
563;518000;Cedar St;Shenzhen;53;Knudsen;China
564;S2000;3rd Ave;Rosario;87;Green Valley Creamery;Argentina
565;46000;Elm St;Busan;324;WoodCraft;South Korea
566;C1000;Elm St;Buenos Aires;262;TimberLine;Argentina
567;90001;Elm St;Los Angeles;63;OakStrong;USA
568;46000;Elm St;Busan;241;SweetDelight;South Korea
569;M5H 2N2;Cedar St;Toronto;356;CandyLand;Canada
570;530-0001;2nd St;Osaka;276;GumDrop;Japan
571;M1 1AE;3rd Ave;Manchester;475;TreatHeaven;United Kingdom
572;V5K 0A1;2nd St;Vancouver;18;LollipopJoy;Canada
573;77001;Cedar St;Houston;482;Hampton Farms;USA
574;C1000;Cedar St;Buenos Aires;143;Fresh Gourmet;Argentina
575;100-0001;Elm St;Tokyo;110;Planters;Japan
576;10001;Main St;New York;393;Fisher;USA
577;69001;3rd Ave;Lyon;424;Wonderful;France
578;75001;3rd Ave;Paris;87;SeaPak;France
579;460-0001;Main St;Nagoya;331;Gortons;Japan
580;K1A 0B1;2nd St;Ottawa;181;Philips Seafood;Canada
581;S2000;Oak St;Rosario;232;Jack Links;Argentina
582;600001;Maple St;Chennai;431;Slim Jim;India
583;V5K 0A1;Cedar St;Vancouver;60;Oberto;Canada
584;75001;Cedar St;Paris;19;Del Monte;France
585;S2000;3rd Ave;Rosario;285;Libbys;Argentina
586;V5K 0A1;Elm St;Vancouver;244;Dole;Canada
587;22300;Park Ave;Incheon;80;McCormick;South Korea
588;70000-000;Oak St;Brasilia;260;Lawrys;Brazil
589;70000-000;Park Ave;Brasilia;143;Spice Islands;Brazil
590;110001;Park Ave;Delhi;412;PowerDrill;India
591;110001;Park Ave;Delhi;178;Ben and Jerrys;India
592;M5H 2N2;Cedar St;Toronto;304;Haagen-Dazs;Canada
593;80331;Cedar St;Munich;383;Breyers;Germany
594;90001;3rd Ave;Los Angeles;215;Clorox;USA
595;75001;Cedar St;Paris;112;Pampers;France
596;60601;Elm St;Chicago;140;Huggies;USA
597;060-0001;Oak St;Sapporo;271;Kirkland;Japan
598;10100;Oak St;Turin;339;Coca-Cola;Italy
599;90001;Park Ave;Los Angeles;445;Pepsi;USA
600;110001;Elm St;Delhi;15;Dr. Pepper;India
601;200000;2nd St;Shanghai;449;Stouffers;China
602;460-0001;Maple St;Nagoya;83;Hungry-Man;Japan
603;77001;Main St;Houston;245;Marie Callenders;USA
604;M1 1AE;Park Ave;Manchester;361;TechTab;United Kingdom
605;20095;Park Ave;Hamburg;401;PowerPad;Germany
606;20121;Main St;Milan;459;Barilla;Italy
607;3000;Park Ave;Seoul;15;Ronzoni;South Korea
608;77001;Maple St;Houston;19;De Cecco;USA
609;41900;Maple St;Daegu;278;Kraft;South Korea
610;H3B 1X8;Elm St;Montreal;482;Tillamook;Canada
611;K1A 0B1;3rd Ave;Ottawa;357;Präsident;Canada
612;70000-000;Main St;Brasilia;227;Cabot;Brazil
613;S2000;2nd St;Rosario;176;BelGioioso;Argentina
614;20000-000;2nd St;Rio de Janeiro;255;Chobani;Brazil
615;110001;Maple St;Delhi;279;Yoplait;India
616;C1000;Elm St;Buenos Aires;292;Siggis;Argentina
617;20121;3rd Ave;Milan;348;CoolSweets;Italy
618;100;Elm St;Rome;301;GlacierDelight;Italy
619;V5K 0A1;Park Ave;Vancouver;132;FreezePop;Canada
620;C1000;Oak St;Buenos Aires;178;ArcticBlast;Argentina
621;060-0001;Main St;Sapporo;88;FrostyTreats;Japan
622;530-0001;Oak St;Osaka;310;ChillPops;Japan
623;41900;Cedar St;Daegu;111;IceBlast;South Korea
624;13001;Cedar St;Marseille;97;FruitEssence;France
625;90001;Cedar St;Los Angeles;449;NutriFruit;USA
626;90001;Oak St;Los Angeles;486;SnackBerry;USA
627;10001;Main St;New York;348;NatureBites;USA
628;200000;3rd Ave;Shanghai;419;PureHarvest;China
629;77001;Maple St;Houston;168;Entenmanns;USA
630;77001;Oak St;Houston;269;Thomas;USA
631;S2000;Park Ave;Rosario;238;Hostess;Argentina
632;01000-000;2nd St;Sao Paulo;164;Nature Valley;Brazil
633;100-0001;2nd St;Tokyo;433;Welchs;Japan
634;20000-000;Elm St;Rio de Janeiro;3;Bonne Maman;Brazil
635;518000;3rd Ave;Shenzhen;497;Polaner;China
636;70000-000;3rd Ave;Brasilia;199;Smuckers;Brazil
637;530-0001;Oak St;Osaka;311;Dentyne;Japan
638;K1A 0B1;Oak St;Ottawa;458;5 Gum;Canada
639;90001;2nd St;Los Angeles;15;Wrigleys;USA
640;46000;Main St;Busan;131;Orbit;South Korea
641;20000-000;Elm St;Rio de Janeiro;53;Trident;Brazil
642;10115;Main St;Berlin;218;AutoFocus;Germany
643;80100;Maple St;Naples;395;CarTrend;Italy
644;K1A 0B1;Main St;Ottawa;66;MotorWorld;Canada
645;20095;Park Ave;Hamburg;168;DriveLife;Germany
646;80331;2nd St;Munich;497;SpeedMonthly;Germany
647;H3B 1X8;Oak St;Montreal;402;AutoGuide;Canada
648;X5000;3rd Ave;Cï¿½rdoba;254;TurboTimes;Argentina
649;100000;Cedar St;Beijing;445;GearShift;China
650;60601;Oak St;Chicago;397;RoadStar;USA
651;90001;Park Ave;Los Angeles;194;PerformancePlus;USA
652;E1 6AN;3rd Ave;London;66;TechInsight;United Kingdom
653;01000-000;Park Ave;Sao Paulo;42;ByteWeekly;Brazil
654;20121;Elm St;Milan;244;DigitalWorld;Italy
655;200000;Main St;Shanghai;301;ComputeToday;China
656;69001;2nd St;Lyon;283;GadgetGuide;France
657;69001;2nd St;Lyon;275;CodeMag;France
658;100;Maple St;Rome;419;FutureTech;Italy
659;01000-000;2nd St;Sao Paulo;372;PCReview;Brazil
660;510000;2nd St;Guangzhou;103;CyberNet;China
661;S2000;Maple St;Rosario;496;HardwareFocus;Argentina
662;22300;3rd Ave;Incheon;230;StyleElite;South Korea
663;100;3rd Ave;Rome;421;TrendSet;Italy
664;X5000;Main St;Cï¿½rdoba;243;Wonder Bread;Argentina
665;S2000;Maple St;Rosario;203;Arnold;Argentina
666;10100;Elm St;Turin;176;Daves Killer Bread;Italy
667;100000;Maple St;Beijing;250;Pepperidge Farm;China
668;31000;Cedar St;Toulouse;156;Sara Lee;France
669;400001;Maple St;Mumbai;455;Windex;India
670;70000-000;Maple St;Brasilia;367;Mr. Clean;Brazil
671;70000-000;Maple St;Brasilia;453;Method;Brazil
672;400001;Maple St;Mumbai;436;Crofters;India
673;01000-000;3rd Ave;Sao Paulo;297;Wildly Delicious;Brazil
674;C1000;Park Ave;Buenos Aires;56;St. Dalfour;Argentina
675;S2000;Elm St;Rosario;193;Dove;Argentina
676;60601;Cedar St;Chicago;394;Olay;USA
677;X5000;Cedar St;Cï¿½rdoba;129;Neutrogena;Argentina
678;77001;Elm St;Houston;376;Aunt Jemima;USA
679;13001;Elm St;Marseille;33;Bisquick;France
680;460-0001;Elm St;Nagoya;202;Krusteaz;Japan
681;10100;Main St;Turin;443;Kodiak Cakes;Italy
682;560001;Oak St;Bangalore;97;Betty Crocker;India
683;70000-000;Cedar St;Brasilia;328;Jolly Rancher;Brazil
684;C1000;Main St;Buenos Aires;257;Werthers Original;Argentina
685;510000;Main St;Guangzhou;227;Life Savers;China
686;10100;Main St;Turin;207;Starburst;Italy
687;75001;Maple St;Paris;43;Aveeno;France
688;90001;Oak St;Los Angeles;407;Irish Spring;USA
689;60601;Maple St;Chicago;260;Eggo;USA
690;80100;2nd St;Naples;292;Vans;Italy
691;10001;3rd Ave;New York;409;Silver Hills;USA
692;100-0001;Park Ave;Tokyo;6;Natures Path;Japan
693;75001;Cedar St;Paris;423;StarKist;France
694;M5H 2N2;Oak St;Toronto;264;Bumble Bee;Canada
695;S2000;Cedar St;Rosario;308;Chicken of the Sea;Argentina
696;E1 6AN;3rd Ave;London;81;Wild Planet;United Kingdom
697;S2000;Cedar St;Rosario;107;Ocean Beauty;Argentina
698;10100;Main St;Turin;54;Tropicana;Italy
699;460-0001;Oak St;Nagoya;352;Minute Maid;Japan
700;20121;Oak St;Milan;271;Ocean Spray;Italy
701;V5K 0A1;Elm St;Vancouver;65;Simply Orange;Canada
702;69001;Main St;Lyon;472;Kelloggs;France
703;100000;3rd Ave;Beijing;96;General Mills;China
704;75001;Oak St;Paris;283;Quaker;France
705;13001;Park Ave;Marseille;408;Post Consumer Brands;France
706;110001;2nd St;Delhi;163;Nestlé;India
707;H3B 1X8;Cedar St;Montreal;108;Colgate;Canada
708;560001;Elm St;Bangalore;190;Sensodyne;India
709;K1A 0B1;Cedar St;Ottawa;297;Oral-B;Canada
710;G1 1AA;Oak St;Glasgow;499;Crest;United Kingdom
711;510000;Cedar St;Guangzhou;65;Toms of Maine;China
712;100000;Oak St;Beijing;108;Einstein Bros. Bagels;China
713;20095;Park Ave;Hamburg;293;Thomas Bagels;Germany
714;V5K 0A1;2nd St;Vancouver;58;Lenders Bagels;Canada
715;60601;Park Ave;Chicago;105;Sara Lee Bagels;USA
716;80100;Park Ave;Naples;228;New York Bagel;Italy
717;M5H 2N2;Park Ave;Toronto;205;Le Creuset;Canada
718;X5000;3rd Ave;Cï¿½rdoba;441;Cuisinart;Argentina
719;100;Maple St;Rome;81;All-Clad;Italy
720;10001;2nd St;New York;232;T-fal;USA
721;20000-000;3rd Ave;Rio de Janeiro;194;Lodge;Brazil
722;20095;Oak St;Hamburg;117;DeWalt;Germany
723;S2000;Park Ave;Rosario;151;Bosch;Argentina
724;C1000;3rd Ave;Buenos Aires;1;Milwaukee;Argentina
725;13001;2nd St;Marseille;489;Stanley;France
726;X5000;Maple St;Cï¿½rdoba;90;Makita;Argentina
727;K1A 0B1;Maple St;Ottawa;457;SpongeMax;Canada
728;20095;Park Ave;Hamburg;305;Hersheys;Germany
729;C1000;Main St;Buenos Aires;137;Lindt;Argentina
730;E1 6AN;Maple St;London;45;Ghirardelli;United Kingdom
731;80331;Oak St;Munich;187;Godiva;Germany
732;V5K 0A1;Cedar St;Vancouver;106;Cadbury;Canada
733;20000-000;Oak St;Rio de Janeiro;442;EcoClean;Brazil
734;70000-000;Cedar St;Brasilia;329;BubbleWonder;Brazil
